f,psd
0.0,8.513613884590739e-44
2e-05,4.3941200444350224e-44
4e-05,2.4617549044250047e-45
6.000000000000001e-05,2.4596910087316397e-45
8e-05,2.2672003272332914e-45
0.0001,2.170018109588141e-45
0.00012000000000000002,1.9932938837926435e-45
0.00014000000000000001,2.174053850431095e-45
0.00016,2.653258596952949e-45
0.00018,2.6127920910006032e-45
0.0002,1.6814888452282114e-45
0.00022,1.738819263550205e-45
0.00024000000000000003,2.6866956975485163e-45
0.00026000000000000003,2.718988624738718e-45
0.00028000000000000003,3.436184889466965e-45
0.00030000000000000003,3.015804090777353e-45
0.00032,3.0446575879079476e-45
0.00034,3.269188332062392e-45
0.00036,3.3269240376635125e-45
0.00038,3.7045655401245933e-45
0.0004,5.1348276247445117e-45
0.00042,4.9644207032151815e-45
0.00044,4.476781100154274e-45
0.00046,4.918750893892057e-45
0.00048000000000000007,4.9705610661516e-45
0.0005,5.002707972232101e-45
0.0005200000000000001,3.9714281172114846e-45
0.00054,5.237158264230647e-45
0.0005600000000000001,6.506577052888873e-45
0.00058,6.646638219517775e-45
0.0006000000000000001,7.077699640847418e-45
0.00062,7.595784423527818e-45
0.00064,7.182728244727686e-45
0.0006600000000000001,1.0299583372262037e-44
0.00068,7.660598267356938e-45
0.0007000000000000001,7.452804746557756e-45
0.00072,7.973978745034616e-45
0.0007400000000000001,7.648817653970067e-45
0.00076,7.879497888094203e-45
0.0007800000000000001,6.939226901665846e-45
0.0008,9.45354764946929e-45
0.0008200000000000001,1.0316967903088578e-44
0.00084,1.0714126897788827e-44
0.0008600000000000001,1.3986570645296888e-44
0.00088,1.5198437164455894e-44
0.0009000000000000001,1.373562279707012e-44
0.00092,1.6594309547639744e-44
0.0009400000000000001,1.6229270426686664e-44
0.0009600000000000001,1.1685641947501916e-44
0.0009800000000000002,1.1269828260948483e-44
0.001,1.5019073945180568e-44
0.00102,1.4989006918147112e-44
0.0010400000000000001,1.5664675452669493e-44
0.0010600000000000002,1.7579099099485583e-44
0.00108,1.9933804425706e-44
0.0011,1.511924598383773e-44
0.0011200000000000001,1.7620689545040227e-44
0.0011400000000000002,1.9232735890090576e-44
0.00116,2.143274994011519e-44
0.00118,2.385616335019603e-44
0.0012000000000000001,2.543635021734109e-44
0.0012200000000000002,3.157252864627766e-44
0.00124,2.8053968767247387e-44
0.00126,2.7004801369608743e-44
0.00128,2.697182883893035e-44
0.0013000000000000002,2.1371575346048638e-44
0.0013200000000000002,2.512022864235031e-44
0.00134,2.86637716180178e-44
0.00136,2.86854340130636e-44
0.0013800000000000002,2.404907608838399e-44
0.0014000000000000002,3.14630382880822e-44
0.00142,3.9326350940595134e-44
0.00144,3.879666948451797e-44
0.0014600000000000001,3.5218640102314737e-44
0.0014800000000000002,4.309203974932117e-44
0.0015,4.362897065414603e-44
0.00152,3.4522182769640766e-44
0.0015400000000000001,3.8781406448549326e-44
0.0015600000000000002,4.129802441381511e-44
0.00158,4.1053262044537844e-44
0.0016,4.1797657363479667e-44
0.0016200000000000001,4.3487019304256117e-44
0.0016400000000000002,4.485545194699937e-44
0.0016600000000000002,5.449924103246122e-44
0.00168,5.858374659766995e-44
0.0017000000000000001,4.959390412426868e-44
0.0017200000000000002,4.583338929614525e-44
0.0017400000000000002,4.682700470534469e-44
0.00176,5.25343604224296e-44
0.0017800000000000001,7.779453031411093e-44
0.0018000000000000002,6.974827465076559e-44
0.0018200000000000002,5.533236323153205e-44
0.00184,5.848224322904743e-44
0.00186,6.065341887637837e-44
0.0018800000000000002,6.656392165060215e-44
0.0019000000000000002,6.960185459901476e-44
0.0019200000000000003,6.879077460075808e-44
0.00194,7.503859110821197e-44
0.0019600000000000004,8.495397532773845e-44
0.00198,1.1757076527153578e-43
0.002,1.1502609083704812e-43
0.00202,9.441339629948813e-44
0.00204,8.777669867314093e-44
0.00206,9.61597408004818e-44
0.0020800000000000003,9.322428932431343e-44
0.0021000000000000003,1.0728514741319776e-43
0.0021200000000000004,1.1860106729627324e-43
0.00214,1.0632948648782933e-43
0.00216,9.882223507410116e-44
0.00218,1.0220197167574505e-43
0.0022,1.2833145613169627e-43
0.00222,1.0999418226415728e-43
0.0022400000000000002,1.3604439027146636e-43
0.0022600000000000003,1.537806040582816e-43
0.0022800000000000003,1.558765192673942e-43
0.0023000000000000004,1.6409004064377247e-43
0.00232,1.1513816160222581e-43
0.00234,1.340325781566119e-43
0.00236,1.5843666103121612e-43
0.00238,1.5673239997347595e-43
0.0024000000000000002,1.3143105396344638e-43
0.0024200000000000003,1.6775335496063772e-43
0.0024400000000000003,2.571198879413552e-43
0.0024600000000000004,2.3635338265055412e-43
0.00248,2.3017353545894673e-43
0.0025,2.101382215184025e-43
0.00252,2.819599369386678e-43
0.00254,2.7997823108279725e-43
0.00256,3.0716329042539974e-43
0.0025800000000000003,3.097014393351574e-43
0.0026000000000000003,3.185581231513625e-43
0.0026200000000000004,3.2346502642644393e-43
0.0026400000000000004,3.649502851384551e-43
0.00266,3.1099552096898004e-43
0.00268,2.7585931864662462e-43
0.0027,2.915141239658955e-43
0.00272,2.690898351544042e-43
0.0027400000000000002,3.317787245334759e-43
0.0027600000000000003,4.242569489013449e-43
0.0027800000000000004,4.175053266393508e-43
0.0028000000000000004,3.5619763094306516e-43
0.00282,3.516906314615043e-43
0.00284,2.710174125984314e-43
0.00286,3.352521261047305e-43
0.00288,3.8751162578430254e-43
0.0029000000000000002,4.438063681626543e-43
0.0029200000000000003,4.5185469497191955e-43
0.0029400000000000003,5.105877394978124e-43
0.0029600000000000004,5.4839145130435855e-43
0.0029800000000000004,5.395581513156533e-43
0.003,4.306761156302056e-43
0.00302,5.49366164102516e-43
0.00304,5.205444532221987e-43
0.0030600000000000002,5.115388612387909e-43
0.0030800000000000003,4.349651749487625e-43
0.0031000000000000003,5.42292997032813e-43
0.0031200000000000004,7.327233825454416e-43
0.0031400000000000004,5.876222159061017e-43
0.00316,6.481625787198745e-43
0.00318,8.346620202203336e-43
0.0032,8.465507945870723e-43
0.00322,6.8580387192241466e-43
0.0032400000000000003,6.606913051524587e-43
0.0032600000000000003,8.355934329252316e-43
0.0032800000000000004,7.956449762448332e-43
0.0033000000000000004,8.92352289855765e-43
0.0033200000000000005,1.1069832092418368e-42
0.00334,9.122591334973393e-43
0.00336,1.0228997920726683e-42
0.00338,1.1329167916587047e-42
0.0034000000000000002,9.933783317099029e-43
0.0034200000000000003,7.929341458166017e-43
0.0034400000000000003,9.330200525544664e-43
0.0034600000000000004,1.1157956124997479e-42
0.0034800000000000005,1.1644048858416597e-42
0.0035,1.0664075195326122e-42
0.00352,1.2561434768460063e-42
0.00354,1.333311899915131e-42
0.0035600000000000002,1.648748964676598e-42
0.0035800000000000003,1.656166428889936e-42
0.0036000000000000003,1.6390956585109674e-42
0.0036200000000000004,1.5227336531783836e-42
0.0036400000000000004,1.484705226920282e-42
0.0036600000000000005,1.1932085420856895e-42
0.00368,1.3458156566146032e-42
0.0037,1.5142845466720535e-42
0.00372,1.3260171077779522e-42
0.0037400000000000003,1.3685731164389613e-42
0.0037600000000000003,1.2979145093938823e-42
0.0037800000000000004,1.465113641147205e-42
0.0038000000000000004,1.943678571398005e-42
0.0038200000000000005,2.4432500697630516e-42
0.0038400000000000005,2.3848784308319523e-42
0.00386,2.0468366285731684e-42
0.00388,1.6884177656500976e-42
0.0039000000000000003,1.7148248823914635e-42
0.003920000000000001,2.0587778429233306e-42
0.00394,2.163171395455341e-42
0.00396,2.16779525888213e-42
0.00398,2.010514997020287e-42
0.004,2.0512824285286217e-42
0.00402,2.5945587481977837e-42
0.00404,2.6271924556702998e-42
0.00406,2.8151716512086066e-42
0.00408,2.843636884919472e-42
0.0041,3.262415037801338e-42
0.00412,3.597885932755241e-42
0.0041400000000000005,3.3318370523369526e-42
0.0041600000000000005,3.2164363272307e-42
0.0041800000000000006,2.9983140232989634e-42
0.004200000000000001,2.462076849476774e-42
0.004220000000000001,2.242325974943021e-42
0.004240000000000001,2.9985626159197494e-42
0.004260000000000001,4.077212900433127e-42
0.00428,3.006154679927323e-42
0.0043,3.134257248732977e-42
0.00432,3.525511422871744e-42
0.00434,3.1488622974763055e-42
0.00436,3.371618828892053e-42
0.00438,3.297945218539717e-42
0.0044,3.599771502800833e-42
0.00442,3.6255450201116454e-42
0.00444,3.752595836539175e-42
0.00446,4.481693703145812e-42
0.0044800000000000005,4.764866413172444e-42
0.0045000000000000005,4.803938051217355e-42
0.004520000000000001,5.754711009686122e-42
0.004540000000000001,5.717992646744221e-42
0.004560000000000001,5.7170820785247e-42
0.004580000000000001,5.070787321835607e-42
0.004600000000000001,5.781852777283939e-42
0.00462,6.260422359252043e-42
0.00464,5.382569436125464e-42
0.00466,5.055096658988548e-42
0.00468,6.240350550082444e-42
0.0047,7.148493652237166e-42
0.00472,5.7356359669718655e-42
0.00474,5.926758341079624e-42
0.00476,5.936070119868396e-42
0.00478,6.481951230043386e-42
0.0048000000000000004,7.840838201880564e-42
0.0048200000000000005,5.771093129647695e-42
0.0048400000000000006,6.097227489186247e-42
0.004860000000000001,7.693595619360569e-42
0.004880000000000001,7.667006609623184e-42
0.004900000000000001,9.470881905354178e-42
0.004920000000000001,1.0241006118963913e-41
0.004940000000000001,8.308385393276219e-42
0.00496,6.45718512256188e-42
0.00498,6.637359920714006e-42
0.005,7.765272674902104e-42
0.00502,7.920669587692579e-42
0.00504,8.656281727768654e-42
0.00506,8.329586053367283e-42
0.00508,8.227457630822359e-42
0.0051,1.0413422569684052e-41
0.00512,8.787858902989836e-42
0.0051400000000000005,5.924330238285084e-42
0.0051600000000000005,8.543777108465798e-42
0.005180000000000001,1.2590964988341216e-41
0.005200000000000001,1.2163507879903464e-41
0.005220000000000001,1.2249273437680255e-41
0.005240000000000001,1.7214509682451004e-41
0.005260000000000001,1.5928706908455448e-41
0.005280000000000001,1.3834058651379134e-41
0.0053,1.5246230317483095e-41
0.00532,1.0603659376625152e-41
0.00534,1.1142959430988821e-41
0.00536,1.0901885079639086e-41
0.00538,1.2671666661766243e-41
0.0054,1.460613410091017e-41
0.00542,1.4268263336071362e-41
0.00544,1.4540443301837706e-41
0.0054600000000000004,1.6162076184163467e-41
0.0054800000000000005,1.419116203546129e-41
0.0055000000000000005,1.0461463242451744e-41
0.005520000000000001,1.1270752452821876e-41
0.005540000000000001,1.4447749055837306e-41
0.005560000000000001,1.172582445333386e-41
0.005580000000000001,1.3641559029183912e-41
0.005600000000000001,1.4897667212069629e-41
0.005620000000000001,1.3836211400036414e-41
0.00564,1.807915298583464e-41
0.00566,2.1930705208334704e-41
0.00568,2.1442342416705093e-41
0.0057,2.3614662353920414e-41
0.00572,2.0870720286304972e-41
0.00574,1.5023030060409198e-41
0.00576,1.3366471490122478e-41
0.00578,1.7401506451125243e-41
0.0058000000000000005,1.850723877120171e-41
0.0058200000000000005,1.7683683530583317e-41
0.005840000000000001,1.9910616884340837e-41
0.005860000000000001,1.673457628634872e-41
0.005880000000000001,2.0362608535107974e-41
0.005900000000000001,2.1428699563322928e-41
0.005920000000000001,2.1022469937813417e-41
0.005940000000000001,1.9197456908774375e-41
0.005960000000000001,1.4569458272554808e-41
0.00598,1.5761166993097869e-41
0.006,2.0300476634436361e-41
0.00602,2.042718558114319e-41
0.00604,1.9337477609315115e-41
0.00606,2.0581266386202996e-41
0.00608,1.607212614124421e-41
0.0061,2.1727525525695264e-41
0.0061200000000000004,2.692686971584861e-41
0.0061400000000000005,2.0247326128834716e-41
0.0061600000000000005,2.134543662244744e-41
0.006180000000000001,2.6836401825178045e-41
0.006200000000000001,2.5340898722219796e-41
0.006220000000000001,2.72776344416272e-41
0.006240000000000001,3.460412490188926e-41
0.006260000000000001,3.056570863017511e-41
0.006280000000000001,3.586282972323943e-41
0.006300000000000001,3.5628747857438225e-41
0.00632,3.4816729281817954e-41
0.00634,3.005503261385601e-41
0.00636,2.394508939405085e-41
0.00638,2.9610261081785733e-41
0.0064,2.8908068948263666e-41
0.00642,2.820267928527086e-41
0.00644,2.9950846575074977e-41
0.0064600000000000005,2.9188422527353576e-41
0.0064800000000000005,2.909629762669223e-41
0.006500000000000001,3.0510980780480255e-41
0.006520000000000001,3.697388635260404e-41
0.006540000000000001,2.8411843784377364e-41
0.006560000000000001,3.602601996441677e-41
0.006580000000000001,4.365645184290717e-41
0.006600000000000001,3.6931786704338527e-41
0.006620000000000001,3.299473695728373e-41
0.006640000000000001,3.2282272987267806e-41
0.00666,3.48448483341043e-41
0.00668,3.5373461759772804e-41
0.0067,4.103268757668918e-41
0.00672,4.002777669157708e-41
0.00674,4.586895281563828e-41
0.00676,4.316491125646484e-41
0.0067800000000000004,3.6862200635051263e-41
0.0068000000000000005,4.0214634261287084e-41
0.0068200000000000005,3.483839611573402e-41
0.006840000000000001,4.421569468705234e-41
0.006860000000000001,5.07052477742748e-41
0.006880000000000001,4.905969780801128e-41
0.006900000000000001,4.687029453680604e-41
0.006920000000000001,4.836041394153729e-41
0.006940000000000001,4.4355558874120453e-41
0.006960000000000001,5.225865188284581e-41
0.006980000000000001,4.4341757510377127e-41
0.007,5.157350105217584e-41
0.00702,4.5901695487107945e-41
0.00704,4.685232955393493e-41
0.00706,6.862906335436007e-41
0.00708,6.584775243209648e-41
0.0071,4.722622348941994e-41
0.0071200000000000005,3.8022670009466777e-41
0.0071400000000000005,3.59519580608656e-41
0.0071600000000000006,4.1599427618261425e-41
0.007180000000000001,5.702410750907572e-41
0.007200000000000001,5.478895405068579e-41
0.007220000000000001,4.6185593961282e-41
0.007240000000000001,5.309029254507346e-41
0.007260000000000001,6.403488435691435e-41
0.007280000000000001,5.186768551051906e-41
0.007300000000000001,6.238216854769526e-41
0.007320000000000001,7.317912036551337e-41
0.00734,6.307090305618988e-41
0.00736,5.894236151987897e-41
0.00738,7.550048231571523e-41
0.0074,7.444991871701529e-41
0.00742,8.317717538026417e-41
0.00744,6.450356794238047e-41
0.0074600000000000005,6.633052011351525e-41
0.0074800000000000005,6.498675400750923e-41
0.007500000000000001,6.834583339888747e-41
0.007520000000000001,9.009537551588705e-41
0.007540000000000001,7.262021866412427e-41
0.007560000000000001,7.538593250705503e-41
0.007580000000000001,7.838509053478202e-41
0.007600000000000001,7.194931936940996e-41
0.007620000000000001,7.196624803727657e-41
0.007640000000000001,6.221373720578879e-41
0.007660000000000001,6.285360371229119e-41
0.007680000000000001,7.835987775805441e-41
0.0077,7.448268622752665e-41
0.00772,7.357920836497038e-41
0.00774,8.698791866124724e-41
0.00776,9.069398476432473e-41
0.0077800000000000005,6.750109372723421e-41
0.0078000000000000005,8.05508920387801e-41
0.00782,8.742461577203166e-41
0.007840000000000001,9.449746161701447e-41
0.00786,7.777488622986339e-41
0.00788,8.969061025762049e-41
0.0079,9.679576369128628e-41
0.00792,7.568929739786078e-41
0.007940000000000001,9.385271883009893e-41
0.00796,1.2128218254578967e-40
0.007980000000000001,1.1211060236129537e-40
0.008,1.0981314688597264e-40
0.008020000000000001,1.1241155159706592e-40
0.00804,1.223249840635008e-40
0.008060000000000001,9.628589606040517e-41
0.00808,7.611679464642312e-41
0.008100000000000001,9.496881646501555e-41
0.00812,9.466679513742385e-41
0.008140000000000001,1.2124201297143931e-40
0.00816,1.1814818355737225e-40
0.008180000000000002,1.3822862054898894e-40
0.0082,1.1407535966809745e-40
0.00822,1.0894575042671555e-40
0.00824,1.307797098232556e-40
0.00826,1.3205822406847855e-40
0.008280000000000001,1.2375260398226654e-40
0.0083,1.256198688920391e-40
0.008320000000000001,1.232825652363708e-40
0.00834,1.3713447486791481e-40
0.008360000000000001,1.265598533871053e-40
0.00838,1.2499184859771187e-40
0.008400000000000001,1.3803945018677623e-40
0.00842,1.4883686296261114e-40
0.008440000000000001,1.075190528817555e-40
0.00846,1.5985025419178604e-40
0.008480000000000001,1.7389615304452447e-40
0.0085,1.850892481913234e-40
0.008520000000000002,1.7275161494462595e-40
0.00854,1.448647977212659e-40
0.00856,1.2442298696541314e-40
0.00858,1.4128878870079027e-40
0.0086,1.660967193110727e-40
0.008620000000000001,1.6092941600506414e-40
0.00864,1.3551391680924022e-40
0.008660000000000001,1.2640085102331748e-40
0.00868,1.2659725677436441e-40
0.008700000000000001,1.466226807093136e-40
0.00872,1.8060152746494181e-40
0.008740000000000001,2.1486484266237028e-40
0.00876,1.991548647342253e-40
0.008780000000000001,1.6193857184081055e-40
0.0088,1.7623362301406469e-40
0.008820000000000001,2.1825686262194244e-40
0.00884,1.6720501725388015e-40
0.008860000000000002,1.70698899296925e-40
0.00888,1.5561123026160714e-40
0.0089,1.2892443841304686e-40
0.00892,1.3716825210629298e-40
0.00894,1.4034666173051863e-40
0.008960000000000001,1.7382931882319585e-40
0.00898,1.7941676733668711e-40
0.009000000000000001,2.2919881770641947e-40
0.00902,2.4563267815765513e-40
0.009040000000000001,1.994224101381521e-40
0.00906,1.4458134130196461e-40
0.009080000000000001,1.7399158910555177e-40
0.0091,2.3889891728980776e-40
0.009120000000000001,2.6491016394575885e-40
0.00914,2.0397365406950617e-40
0.009160000000000001,1.2867761806932535e-40
0.00918,1.967017148797113e-40
0.009200000000000002,1.7989849885698892e-40
0.00922,1.7103369360817878e-40
0.00924,1.6549331308136802e-40
0.009260000000000001,1.3597316339975114e-40
0.00928,1.3156671609681706e-40
0.009300000000000001,2.027209746905006e-40
0.00932,2.1878346122903286e-40
0.009340000000000001,1.8637354096729348e-40
0.00936,2.0061915202856046e-40
0.009380000000000001,2.341737305994326e-40
0.0094,2.6112667731557575e-40
0.009420000000000001,2.402509306587619e-40
0.00944,2.3898896920630617e-40
0.009460000000000001,3.1051433600359673e-40
0.00948,2.4592665716742e-40
0.009500000000000001,1.8337265138857244e-40
0.00952,2.9542194860917853e-40
0.009540000000000002,3.0560357202477003e-40
0.00956,1.8782800928846766e-40
0.00958,1.7899279929375276e-40
0.009600000000000001,2.3307406454479907e-40
0.00962,2.4822607974056485e-40
0.009640000000000001,2.28265369218436e-40
0.00966,2.836225965697688e-40
0.009680000000000001,3.026360006085072e-40
0.0097,3.0743957323640347e-40
0.009720000000000001,3.1303269259486653e-40
0.00974,2.6961360982397815e-40
0.009760000000000001,2.2934673024128342e-40
0.00978,2.3517147863616344e-40
0.009800000000000001,2.004799602782561e-40
0.00982,2.6363143293775845e-40
0.009840000000000002,2.4901195866416535e-40
0.00986,2.9875668382952246e-40
0.009880000000000002,2.410323523473809e-40
0.0099,2.6819309771885732e-40
0.00992,2.6705090350344276e-40
0.009940000000000001,2.752244164099863e-40
0.00996,3.218404379046732e-40
0.009980000000000001,3.286546544508619e-40
0.01,2.6955550458797148e-40
0.010020000000000001,2.9221231922892626e-40
0.01004,2.78762151571606e-40
0.010060000000000001,2.776529409573916e-40
0.01008,2.780217079971592e-40
0.010100000000000001,3.5674541171227903e-40
0.01012,3.1070741113151754e-40
0.010140000000000001,3.024540630445914e-40
0.01016,2.857277889916687e-40
0.010180000000000002,3.2371395807543745e-40
0.0102,3.5199021820229614e-40
0.010220000000000002,3.8277870032288e-40
0.01024,3.2072967162218128e-40
0.01026,2.8131621049096066e-40
0.010280000000000001,3.010617418500765e-40
0.0103,4.041411602585901e-40
0.010320000000000001,3.715669109072073e-40
0.01034,3.4742597840739305e-40
0.010360000000000001,3.71591528797984e-40
0.01038,3.976403175932464e-40
0.010400000000000001,3.752131186017571e-40
0.01042,4.207811980490117e-40
0.010440000000000001,3.4117483288832733e-40
0.01046,3.7152608534887935e-40
0.010480000000000001,3.3144194398403085e-40
0.0105,3.4930761454848875e-40
0.010520000000000002,3.525479029920855e-40
0.01054,4.5378570162520246e-40
0.010560000000000002,3.918741800908682e-40
0.01058,3.8035460728004545e-40
0.0106,3.9486383000043686e-40
0.010620000000000001,4.085881193105804e-40
0.01064,3.2709823861156798e-40
0.010660000000000001,3.1882537301572125e-40
0.01068,3.835010050347423e-40
0.010700000000000001,3.98476342134138e-40
0.01072,4.957105038976465e-40
0.010740000000000001,4.791052315329226e-40
0.01076,3.79021650630054e-40
0.010780000000000001,4.726404792943528e-40
0.0108,6.087185036447557e-40
0.010820000000000001,5.1170764902408944e-40
0.01084,3.637894251076995e-40
0.010860000000000002,3.65447934696769e-40
0.01088,3.5425161208998497e-40
0.010900000000000002,3.456411500261653e-40
0.010920000000000001,3.92176735272244e-40
0.01094,3.258079790696317e-40
0.010960000000000001,4.313879939435434e-40
0.01098,4.68535406339636e-40
0.011000000000000001,4.964538678373245e-40
0.01102,5.5871960868591584e-40
0.011040000000000001,4.938146872641164e-40
0.01106,4.877993457668614e-40
0.011080000000000001,3.7933399120478496e-40
0.0111,5.050860753229222e-40
0.011120000000000001,4.969676000647869e-40
0.01114,3.5521340176425566e-40
0.011160000000000002,3.812283906981375e-40
0.01118,5.16831935399364e-40
0.011200000000000002,6.019813760739584e-40
0.01122,6.695609829907329e-40
0.011240000000000002,7.225290733787533e-40
0.011260000000000001,6.046225121066664e-40
0.01128,4.58795395141623e-40
0.011300000000000001,4.356654648930847e-40
0.01132,5.756481458353187e-40
0.011340000000000001,6.452441863846254e-40
0.01136,6.735102043484501e-40
0.011380000000000001,6.675399340281335e-40
0.0114,5.314479780628586e-40
0.011420000000000001,6.6824381398499095e-40
0.01144,7.07660530047815e-40
0.011460000000000001,7.196780526744304e-40
0.01148,6.0624218243327736e-40
0.011500000000000002,6.3732901840264175e-40
0.01152,6.0373687567848295e-40
0.011540000000000002,6.9771572439524146e-40
0.01156,6.340322485254171e-40
0.011580000000000002,6.61898014936526e-40
0.011600000000000001,4.57232331617799e-40
0.01162,6.692661309019039e-40
0.011640000000000001,6.741347632712461e-40
0.01166,5.431286868897759e-40
0.011680000000000001,4.660173592172829e-40
0.0117,4.6172327889206815e-40
0.011720000000000001,5.141956866426841e-40
0.01174,5.050742116601772e-40
0.011760000000000001,6.027588014434914e-40
0.01178,7.777481176142195e-40
0.011800000000000001,6.760417826243381e-40
0.01182,5.973941545805183e-40
0.011840000000000002,6.2135373575752615e-40
0.01186,5.956237492282284e-40
0.011880000000000002,6.421621945778239e-40
0.0119,5.828730893301606e-40
0.011920000000000002,4.760505314292712e-40
0.011940000000000001,5.631838422590735e-40
0.01196,6.207123764097818e-40
0.011980000000000001,5.6974350015199935e-40
0.012,5.361983989927231e-40
0.012020000000000001,5.247508664871467e-40
0.01204,4.897979870067616e-40
0.012060000000000001,6.875118601235288e-40
0.01208,7.434011544299302e-40
0.012100000000000001,6.7792397731230375e-40
0.01212,5.9527112591765756e-40
0.012140000000000001,5.861457886778521e-40
0.01216,6.2630818625331095e-40
0.012180000000000002,6.763845871193389e-40
0.0122,8.099927660895464e-40
0.012220000000000002,6.807052757383428e-40
0.012240000000000001,7.370699137583951e-40
0.012260000000000002,7.115262302426498e-40
0.012280000000000001,6.42228526663166e-40
0.0123,6.489928541238799e-40
0.012320000000000001,7.527509710350358e-40
0.01234,9.554786308617258e-40
0.012360000000000001,1.1595318163232577e-39
0.01238,1.0249091238851415e-39
0.012400000000000001,6.974209928373322e-40
0.01242,7.711261735273182e-40
0.012440000000000001,6.92554181870868e-40
0.01246,6.385258607417991e-40
0.012480000000000002,8.222838098008584e-40
0.0125,1.1729233814535006e-39
0.012520000000000002,9.341227306814645e-40
0.01254,7.632721135602897e-40
0.012560000000000002,7.884311086552693e-40
0.012580000000000001,7.315468721849413e-40
0.012600000000000002,8.113108121074232e-40
0.012620000000000001,8.889612940252626e-40
0.01264,8.16274249907967e-40
0.012660000000000001,7.375996586969621e-40
0.01268,6.508307559066262e-40
0.012700000000000001,7.663472606653888e-40
0.01272,9.830135631926105e-40
0.012740000000000001,1.2350980049206366e-39
0.01276,1.1943943673048642e-39
0.012780000000000001,9.775747679310784e-40
0.0128,1.1103835404309813e-39
0.012820000000000002,1.2543333048394108e-39
0.01284,9.687890859107532e-40
0.012860000000000002,9.850259894767599e-40
0.01288,1.085538470750105e-39
0.012900000000000002,1.2532169583157796e-39
0.012920000000000001,1.2361662321649771e-39
0.012940000000000002,1.1896083595347937e-39
0.012960000000000001,9.601044109022763e-40
0.01298,9.014155767200347e-40
0.013000000000000001,9.728864985392544e-40
0.01302,8.278551798177349e-40
0.013040000000000001,1.1086826716020012e-39
0.01306,1.3134641289769114e-39
0.013080000000000001,8.828653732032463e-40
0.0131,6.544504847194348e-40
0.013120000000000001,9.03720286564815e-40
0.01314,7.964165096419943e-40
0.013160000000000002,8.528394898408246e-40
0.01318,1.1154853293131153e-39
0.013200000000000002,9.114012105612109e-40
0.01322,8.415844043885953e-40
0.013240000000000002,9.415215181216715e-40
0.013260000000000001,1.1793107185392694e-39
0.013280000000000002,1.0497160117206624e-39
0.013300000000000001,9.80809289209027e-40
0.01332,1.1385456873480734e-39
0.013340000000000001,9.290329937263233e-40
0.01336,8.963620496934912e-40
0.013380000000000001,9.715304352354248e-40
0.0134,8.549180899667178e-40
0.013420000000000001,8.386614327953836e-40
0.01344,8.755367093258567e-40
0.013460000000000001,1.1459391317985226e-39
0.01348,1.2112942980984302e-39
0.013500000000000002,1.3859075224404748e-39
0.01352,9.703544386548341e-40
0.013540000000000002,8.18331868380068e-40
0.013560000000000001,7.933407696401497e-40
0.013580000000000002,1.0744243239144433e-39
0.013600000000000001,1.2868123976402541e-39
0.013620000000000002,1.0071863290923617e-39
0.013640000000000001,1.214232899893582e-39
0.01366,1.3521922051794544e-39
0.013680000000000001,9.789752183679228e-40
0.0137,9.777908386733734e-40
0.013720000000000001,1.0696777538474298e-39
0.01374,9.895590796627588e-40
0.013760000000000001,1.0059797577682411e-39
0.01378,1.1100926016160275e-39
0.013800000000000002,1.0920512073955576e-39
0.01382,1.1406831914393577e-39
0.013840000000000002,1.3852209809262596e-39
0.01386,1.2774223668568012e-39
0.013880000000000002,9.571436877130071e-40
0.013900000000000001,9.529677447916611e-40
0.013920000000000002,1.1885798829110259e-39
0.013940000000000001,1.0218346413470553e-39
0.013960000000000002,1.1728909441642046e-39
0.013980000000000001,1.0599423951879075e-39
0.014,8.588192215350679e-40
0.014020000000000001,1.3169380472394248e-39
0.01404,1.420205396424886e-39
0.014060000000000001,1.4919072868429135e-39
0.01408,1.179815055661578e-39
0.014100000000000001,9.21727268000532e-40
0.01412,1.1291580606752975e-39
0.014140000000000002,1.536278583738231e-39
0.01416,1.4752101340107805e-39
0.014180000000000002,1.3059430909044149e-39
0.0142,1.1795172283006234e-39
0.014220000000000002,1.3196697275754042e-39
0.014240000000000001,1.2321714754779244e-39
0.014260000000000002,1.1021075113204826e-39
0.014280000000000001,1.1978724523271975e-39
0.014300000000000002,1.354346946083439e-39
0.014320000000000001,1.0399947516006984e-39
0.01434,9.70477447996892e-40
0.014360000000000001,1.16923744484127e-39
0.01438,1.2651592687834344e-39
0.014400000000000001,1.0333031589107816e-39
0.01442,1.398446839357722e-39
0.014440000000000001,1.2046381318039927e-39
0.01446,1.1351675924065089e-39
0.014480000000000002,1.4566284459723908e-39
0.0145,1.5398108356320427e-39
0.014520000000000002,1.3995593274235838e-39
0.01454,1.2823423232369055e-39
0.014560000000000002,1.2033988648466553e-39
0.014580000000000001,1.1242352038459365e-39
0.014600000000000002,1.1969057113471344e-39
0.014620000000000001,1.4454662924183431e-39
0.014640000000000002,1.3385783460181254e-39
0.014660000000000001,1.3769087119749343e-39
0.01468,1.0637261984457008e-39
0.014700000000000001,1.0212007401305089e-39
0.01472,1.2828329589127095e-39
0.014740000000000001,1.4334862585634167e-39
0.01476,1.5123021500098943e-39
0.014780000000000001,1.6613284468213256e-39
0.0148,1.0191193545784939e-39
0.014820000000000002,1.1329055593225832e-39
0.01484,1.3096410800487381e-39
0.014860000000000002,1.6924131838288722e-39
0.01488,1.7484605166991038e-39
0.014900000000000002,1.612647080798983e-39
0.014920000000000001,1.5701270109984213e-39
0.014940000000000002,1.4226612459301061e-39
0.014960000000000001,1.4548817376341354e-39
0.014980000000000002,1.1443324770846209e-39
0.015000000000000001,1.3814076096540322e-39
0.01502,1.2018606525168272e-39
0.015040000000000001,1.0134710131419123e-39
0.01506,1.0530875666417174e-39
0.015080000000000001,1.5650354293829336e-39
0.0151,1.4395963852290133e-39
0.015120000000000001,1.341996271476736e-39
0.01514,1.4786355367536143e-39
0.015160000000000002,1.36413175095122e-39
0.01518,1.3157931755829001e-39
0.015200000000000002,1.2925985727276065e-39
0.015220000000000001,1.3182116205687367e-39
0.015240000000000002,1.3751104739091124e-39
0.015260000000000001,1.3809749785816908e-39
0.015280000000000002,1.4865806067663306e-39
0.015300000000000001,1.560538017619881e-39
0.015320000000000002,1.3416346406193823e-39
0.015340000000000001,1.4512311217084142e-39
0.015360000000000002,1.86386883858636e-39
0.015380000000000001,1.784384684995019e-39
0.0154,1.992225273434806e-39
0.015420000000000001,1.9766046489390413e-39
0.01544,1.8434366765490467e-39
0.015460000000000002,1.5720582041374416e-39
0.01548,2.2075372403291246e-39
0.015500000000000002,1.8190365669490745e-39
0.01552,1.639505183009724e-39
0.015540000000000002,2.1433688961334936e-39
0.015560000000000001,1.727850845525553e-39
0.015580000000000002,1.472283019509707e-39
0.015600000000000001,1.3321626603163553e-39
0.015620000000000002,1.3025944118065293e-39
0.01564,1.7807575578172957e-39
0.01566,1.8129866454345603e-39
0.015680000000000003,1.512420546453856e-39
0.015700000000000002,1.3933017951410741e-39
0.01572,1.3515778232610447e-39
0.01574,1.503062875401842e-39
0.01576,1.9236816562172514e-39
0.015780000000000002,1.923526878088277e-39
0.0158,2.0602468088134865e-39
0.01582,1.6992314191496237e-39
0.01584,1.3891682806312733e-39
0.015860000000000003,1.2931558257905335e-39
0.015880000000000002,1.4306739200061294e-39
0.0159,1.573064080381052e-39
0.01592,1.5487361045892503e-39
0.015940000000000003,1.479035899648061e-39
0.015960000000000002,1.6608509595938368e-39
0.01598,1.9630557982653348e-39
0.016,2.1179961674808047e-39
0.016020000000000003,1.977201059405677e-39
0.016040000000000002,1.560287752118248e-39
0.01606,1.4582124540753382e-39
0.01608,1.791525434278914e-39
0.0161,1.8491459100711586e-39
0.016120000000000002,1.8322926732988565e-39
0.01614,1.8652923450789956e-39
0.01616,1.8446677772723236e-39
0.01618,2.1055549588208015e-39
0.016200000000000003,1.7110166547245418e-39
0.016220000000000002,1.511207564101988e-39
0.01624,1.7608432022936155e-39
0.01626,1.5708760928129066e-39
0.016280000000000003,1.734331183107515e-39
0.016300000000000002,2.0842114160567058e-39
0.01632,2.472636169584703e-39
0.01634,2.1122433851377603e-39
0.016360000000000003,1.7468786798696097e-39
0.016380000000000002,1.1531279710145416e-39
0.0164,1.5560250247785157e-39
0.01642,1.652426887046934e-39
0.01644,1.8201592316468956e-39
0.016460000000000002,2.2752140542001998e-39
0.01648,2.423823578350076e-39
0.0165,1.7562035362089872e-39
0.01652,2.1628642373799724e-39
0.016540000000000003,2.134953740730674e-39
0.016560000000000002,2.4300820652570307e-39
0.01658,1.871002180762519e-39
0.0166,1.8416750891041977e-39
0.016620000000000003,1.778873113410427e-39
0.016640000000000002,1.3307695211616454e-39
0.01666,1.6752650056686835e-39
0.01668,1.540623726688924e-39
0.016700000000000003,1.5809692679145773e-39
0.016720000000000002,1.2413078893690156e-39
0.01674,1.8618003923709897e-39
0.01676,2.315693176054854e-39
0.01678,1.9518881919999857e-39
0.016800000000000002,1.999314530153289e-39
0.01682,1.8533130712187726e-39
0.01684,1.9660992827232463e-39
0.01686,2.1424562235896406e-39
0.016880000000000003,2.112865175932927e-39
0.016900000000000002,1.8947870219719892e-39
0.01692,1.8448851092162954e-39
0.01694,2.183733464625955e-39
0.016960000000000003,1.8883209355676062e-39
0.016980000000000002,1.7707139798929953e-39
0.017,2.0410516011722397e-39
0.01702,1.8902779863334916e-39
0.017040000000000003,1.988183318334475e-39
0.017060000000000002,2.0792798853560874e-39
0.01708,1.893829335359351e-39
0.0171,1.871228581446839e-39
0.01712,1.575398855301498e-39
0.017140000000000002,1.6456716674992625e-39
0.01716,1.474406471796822e-39
0.01718,1.7151962928123048e-39
0.0172,1.7258923900465485e-39
0.017220000000000003,2.022575080940973e-39
0.017240000000000002,2.3328883909153047e-39
0.01726,1.6377782527730665e-39
0.01728,1.9408094084390763e-39
0.017300000000000003,2.2401232338536165e-39
0.017320000000000002,2.261500610594085e-39
0.01734,2.119059290837417e-39
0.01736,2.1232043626365813e-39
0.017380000000000003,1.541200584333568e-39
0.017400000000000002,1.6723895371100702e-39
0.01742,1.7528152215643765e-39
0.01744,1.9255916922551903e-39
0.01746,2.2706152035731778e-39
0.017480000000000002,2.217646462813694e-39
0.0175,2.601100052248426e-39
0.01752,2.0635326268940493e-39
0.01754,1.8154427143175362e-39
0.017560000000000003,2.0762980108047954e-39
0.017580000000000002,1.9930333151917184e-39
0.0176,1.9537490178940322e-39
0.01762,2.0652445454249937e-39
0.017640000000000003,1.780267406667533e-39
0.017660000000000002,1.629709269238944e-39
0.01768,1.9175631889542807e-39
0.0177,1.762195083608213e-39
0.017720000000000003,1.6882200010663973e-39
0.017740000000000002,2.2888914908399396e-39
0.01776,2.1353183923497892e-39
0.01778,2.4203068236211593e-39
0.0178,2.3300450472704387e-39
0.017820000000000003,2.4404312856324337e-39
0.01784,2.013279873303404e-39
0.01786,1.5161541100742032e-39
0.01788,1.9510075587750003e-39
0.017900000000000003,2.1405202743285056e-39
0.017920000000000002,1.7707966958145293e-39
0.01794,1.52554965677576e-39
0.01796,2.0807573524446397e-39
0.017980000000000003,2.3680133250314697e-39
0.018000000000000002,1.5744701248073347e-39
0.01802,1.939740506838561e-39
0.01804,2.0634224786755438e-39
0.018060000000000003,2.204228936113363e-39
0.018080000000000002,1.9674130876397816e-39
0.0181,2.4684481388548424e-39
0.01812,2.0518992183573006e-39
0.01814,1.4346692526177955e-39
0.018160000000000003,2.009383622716769e-39
0.01818,2.140911694188955e-39
0.0182,2.6066824195986197e-39
0.01822,2.2969301039588186e-39
0.018240000000000003,1.8926198026752343e-39
0.018260000000000002,2.5094068399161766e-39
0.01828,1.9554631077686267e-39
0.0183,2.4062062089815357e-39
0.018320000000000003,1.9963147064886615e-39
0.018340000000000002,2.1071003853103248e-39
0.01836,2.5276673078270505e-39
0.01838,1.9849599278017304e-39
0.018400000000000003,2.2181073818438124e-39
0.018420000000000002,2.1229329701983808e-39
0.01844,2.4919327295217327e-39
0.01846,2.956466655044981e-39
0.01848,2.8674532903365775e-39
0.018500000000000003,2.859803613995069e-39
0.018520000000000002,2.451592238966884e-39
0.01854,2.67409451562122e-39
0.01856,2.5758594714208137e-39
0.018580000000000003,2.4449866407636037e-39
0.018600000000000002,2.2096537267241012e-39
0.01862,1.731532429653516e-39
0.01864,1.7936661793420472e-39
0.018660000000000003,2.6432368979366854e-39
0.018680000000000002,2.4298957011150926e-39
0.0187,1.896806377602496e-39
0.01872,2.0351850262490865e-39
0.018740000000000003,2.2413015394310925e-39
0.018760000000000002,2.183465188071811e-39
0.01878,1.9250581794347787e-39
0.0188,1.6893751520278587e-39
0.01882,1.8562492277049906e-39
0.018840000000000003,2.2415157131919748e-39
0.018860000000000002,2.2072125639446176e-39
0.01888,1.597654603916954e-39
0.0189,1.401276371132454e-39
0.018920000000000003,1.7718480466442395e-39
0.018940000000000002,2.1504282284079418e-39
0.01896,1.8662442385053345e-39
0.01898,1.6489252036170872e-39
0.019000000000000003,2.1749235852911173e-39
0.019020000000000002,2.074231966310302e-39
0.01904,1.8824476313692274e-39
0.01906,2.1261728520213048e-39
0.019080000000000003,2.6791576699126937e-39
0.019100000000000002,2.9052779126991425e-39
0.01912,2.323467704910611e-39
0.01914,2.2312010517973585e-39
0.01916,1.989574490968023e-39
0.019180000000000003,2.1061714078619584e-39
0.019200000000000002,2.1491829442849895e-39
0.01922,2.087369249424226e-39
0.01924,2.0440966287011475e-39
0.019260000000000003,2.1082014913515734e-39
0.019280000000000002,2.4025254253676957e-39
0.0193,1.9844245572382135e-39
0.01932,1.466388477266651e-39
0.019340000000000003,1.875375931197906e-39
0.019360000000000002,1.9076864625725988e-39
0.01938,1.938365525184296e-39
0.0194,2.078763670710835e-39
0.019420000000000003,1.6178867521606855e-39
0.019440000000000002,1.4819133803528307e-39
0.01946,1.4769671325179525e-39
0.01948,2.092556783123328e-39
0.0195,2.8338967293480596e-39
0.019520000000000003,2.6242223061480982e-39
0.019540000000000002,1.8760545756621032e-39
0.01956,1.6876920275316875e-39
0.01958,1.9988795932369428e-39
0.019600000000000003,2.2197645840097806e-39
0.019620000000000002,1.650034892016412e-39
0.01964,2.1421294152266587e-39
0.01966,2.8430534665191784e-39
0.019680000000000003,2.3086247743792837e-39
0.019700000000000002,1.544742062208573e-39
0.01972,1.4729885482024193e-39
0.01974,2.1932000446230046e-39
0.019760000000000003,2.1995264080006648e-39
0.019780000000000002,1.9795342382134142e-39
0.0198,2.3651554978365687e-39
0.01982,2.1982658939315178e-39
0.01984,1.834363968608027e-39
0.019860000000000003,1.7216873122556873e-39
0.019880000000000002,2.1666335615143223e-39
0.0199,1.7676042779468035e-39
0.01992,1.548991534234964e-39
0.019940000000000003,2.0233365069696682e-39
0.019960000000000002,2.4011194199788725e-39
0.01998,1.8365158379417133e-39
0.02,1.7557625877324398e-39
0.020020000000000003,2.2863078795301417e-39
0.020040000000000002,2.420880404281193e-39
0.02006,2.900866622927265e-39
0.02008,2.4997121734660918e-39
0.020100000000000003,2.1109790541101015e-39
0.020120000000000002,2.0036605898421167e-39
0.02014,2.119015647606802e-39
0.02016,2.1353640023997552e-39
0.02018,1.6831611418647457e-39
0.020200000000000003,1.6364101080513332e-39
0.020220000000000002,2.305774903231612e-39
0.02024,2.2194975976679092e-39
0.02026,1.5041156658504788e-39
0.020280000000000003,2.1783294836371565e-39
0.020300000000000002,2.203964759641716e-39
0.02032,2.1225717183117122e-39
0.02034,1.7047600137000453e-39
0.020360000000000003,1.791497801450918e-39
0.020380000000000002,2.5837665773098947e-39
0.0204,2.3662392509427664e-39
0.02042,2.3617102268207315e-39
0.020440000000000003,2.2724493592752977e-39
0.020460000000000002,2.1351905665932756e-39
0.02048,2.3128607073633932e-39
0.0205,1.9404451961170074e-39
0.02052,1.7386918226112864e-39
0.020540000000000003,1.615485659133951e-39
0.020560000000000002,1.6120479289003834e-39
0.02058,1.9126799689551985e-39
0.0206,2.0661684301373156e-39
0.020620000000000003,2.4651467917460418e-39
0.020640000000000002,2.0913215487689233e-39
0.02066,1.6201373202627644e-39
0.02068,1.7175375840084535e-39
0.020700000000000003,1.986070441797477e-39
0.020720000000000002,2.1584176394588318e-39
0.02074,2.5268426018138514e-39
0.02076,2.2939627648610705e-39
0.020780000000000003,2.7708162857274835e-39
0.020800000000000003,2.3165934916758635e-39
0.02082,1.9281249378279193e-39
0.02084,1.4476481156349128e-39
0.02086,1.8654906962925245e-39
0.020880000000000003,2.100241374698078e-39
0.020900000000000002,2.1412105067160334e-39
0.02092,1.9621250017450484e-39
0.02094,2.0029671477062596e-39
0.020960000000000003,1.8252275860750745e-39
0.020980000000000002,2.345293790641384e-39
0.021,2.511434979379462e-39
0.02102,2.3232517580123034e-39
0.021040000000000003,2.0799853426027356e-39
0.021060000000000002,2.081178255479578e-39
0.02108,1.6370768812991784e-39
0.0211,1.7515948826626732e-39
0.021120000000000003,2.4880515903715977e-39
0.021140000000000003,2.4331109758309348e-39
0.02116,2.2161970840011258e-39
0.02118,2.4068108878639087e-39
0.0212,2.380428376346033e-39
0.021220000000000003,1.8948016421766806e-39
0.021240000000000002,2.236514836181251e-39
0.02126,2.770669577158475e-39
0.02128,1.9102374067334762e-39
0.021300000000000003,2.2881950563979122e-39
0.021320000000000002,2.311064625338858e-39
0.02134,1.96670864386853e-39
0.02136,2.213868653326069e-39
0.021380000000000003,2.4523566182545397e-39
0.021400000000000002,2.4294281668580962e-39
0.02142,2.5399602782882055e-39
0.02144,2.9879254999968154e-39
0.021460000000000003,2.5716123410559162e-39
0.021480000000000003,1.936784243252551e-39
0.021500000000000002,1.8181273585471353e-39
0.02152,2.0368900406972307e-39
0.02154,1.8305416025554808e-39
0.021560000000000003,2.274165297999549e-39
0.021580000000000002,2.6503408428699015e-39
0.0216,2.9268406431752818e-39
0.02162,2.1406576767222434e-39
0.021640000000000003,1.7815847427253257e-39
0.021660000000000002,2.0222486960870052e-39
0.02168,2.214674066252847e-39
0.0217,2.0696415499300823e-39
0.021720000000000003,1.8124113181002378e-39
0.021740000000000002,1.6633232394902124e-39
0.02176,2.3296091617744286e-39
0.02178,1.9496963373872548e-39
0.021800000000000003,1.871281066312782e-39
0.021820000000000003,2.4037612601245325e-39
0.021840000000000002,2.065137739934248e-39
0.02186,2.0338579163686366e-39
0.02188,2.164531998600359e-39
0.021900000000000003,1.8937132307335898e-39
0.021920000000000002,1.8098459523286013e-39
0.02194,1.6684382706413797e-39
0.02196,1.73484902171386e-39
0.021980000000000003,1.701766424700053e-39
0.022000000000000002,1.6233272835147784e-39
0.02202,1.989921533863005e-39
0.02204,2.0654933731471194e-39
0.022060000000000003,1.9177626690229152e-39
0.022080000000000002,2.587677150780448e-39
0.0221,2.5524165573136545e-39
0.02212,1.905365381070066e-39
0.022140000000000003,1.5363376690886437e-39
0.022160000000000003,1.4803464177981826e-39
0.022180000000000002,2.14318130138288e-39
0.0222,1.941574520437419e-39
0.02222,1.657064805302873e-39
0.022240000000000003,2.120669991588915e-39
0.022260000000000002,1.6094139332161733e-39
0.02228,1.8428542815508634e-39
0.0223,2.0542900917730616e-39
0.022320000000000003,1.9935611201370982e-39
0.022340000000000002,1.9679068880170176e-39
0.02236,2.0783413639054786e-39
0.02238,2.03384099826124e-39
0.022400000000000003,1.8197611261273296e-39
0.022420000000000002,1.765586347430489e-39
0.02244,2.2387048770048315e-39
0.02246,1.7829453921940138e-39
0.022480000000000003,1.4759179324774806e-39
0.022500000000000003,1.598413415364685e-39
0.022520000000000002,2.02049682992095e-39
0.02254,1.920845764101572e-39
0.02256,2.0700099039173282e-39
0.022580000000000003,2.1141663680299493e-39
0.022600000000000002,1.835812852167229e-39
0.02262,1.560385333489675e-39
0.02264,2.121467159212176e-39
0.022660000000000003,2.1986502945643507e-39
0.022680000000000002,1.741817386002169e-39
0.0227,1.516565452458095e-39
0.02272,1.5684458689079517e-39
0.022740000000000003,1.6001812938456283e-39
0.022760000000000002,2.13585195400704e-39
0.02278,1.9078265859990377e-39
0.0228,1.7707535457505963e-39
0.022820000000000003,1.6671535483935714e-39
0.022840000000000003,1.7020647528582185e-39
0.022860000000000002,2.262805721344207e-39
0.02288,1.5534478462407524e-39
0.0229,1.37162990671651e-39
0.022920000000000003,1.877424947993061e-39
0.022940000000000002,1.6533309351291973e-39
0.02296,1.487447553172359e-39
0.02298,1.4161402511826861e-39
0.023000000000000003,1.5934869819233633e-39
0.023020000000000002,1.914537742525726e-39
0.02304,1.6952428203384498e-39
0.02306,1.791450479038877e-39
0.023080000000000003,1.8729805807662657e-39
0.023100000000000002,2.2150354309376718e-39
0.02312,2.2138982508431575e-39
0.02314,1.965967224141859e-39
0.023160000000000004,1.5723922161118995e-39
0.023180000000000003,1.7421923144169272e-39
0.023200000000000002,1.600073888703308e-39
0.02322,1.4439659946625415e-39
0.02324,1.70153931429092e-39
0.023260000000000003,1.5359507172161088e-39
0.023280000000000002,1.7295524878478845e-39
0.0233,1.67139557490847e-39
0.02332,1.764988116487835e-39
0.023340000000000003,1.8131827493476687e-39
0.023360000000000002,1.810617355343157e-39
0.02338,1.409173935793823e-39
0.0234,1.168534961003462e-39
0.023420000000000003,1.2981402157343842e-39
0.023440000000000003,1.52562242152191e-39
0.02346,1.737866391393801e-39
0.02348,1.665894980604131e-39
0.023500000000000004,1.5671225035813902e-39
0.023520000000000003,1.9396877669967842e-39
0.023540000000000002,1.9015599864225705e-39
0.02356,1.67066763063258e-39
0.02358,1.5341836758931562e-39
0.023600000000000003,1.5481855396936577e-39
0.023620000000000002,1.2698065596771093e-39
0.02364,1.4212712138103533e-39
0.02366,1.3627792782770843e-39
0.023680000000000003,1.032180692710847e-39
0.023700000000000002,1.1726173024364456e-39
0.02372,1.2126869756014393e-39
0.02374,1.2186541352403808e-39
0.023760000000000003,1.577819839710343e-39
0.023780000000000003,1.5479910824024733e-39
0.0238,1.4636359628204123e-39
0.02382,1.640470132806838e-39
0.023840000000000004,1.4797726747687617e-39
0.023860000000000003,1.2546974174859851e-39
0.023880000000000002,1.6251637201242885e-39
0.0239,1.6573239711881326e-39
0.02392,1.7449507740560655e-39
0.023940000000000003,1.8037800699606457e-39
0.023960000000000002,1.7600700251700497e-39
0.02398,1.6054798566252267e-39
0.024,1.5304274826672294e-39
0.024020000000000003,1.4509319974147823e-39
0.024040000000000002,1.5041474809090416e-39
0.02406,1.0309199390287158e-39
0.02408,1.176672315802064e-39
0.024100000000000003,1.3109305819588617e-39
0.024120000000000003,1.2691488776797583e-39
0.02414,9.852061246159635e-40
0.02416,1.0403624659894712e-39
0.024180000000000004,1.0551610532879476e-39
0.024200000000000003,1.5027911710558615e-39
0.024220000000000002,1.2573154938942493e-39
0.02424,1.2370079464947152e-39
0.02426,1.3796616750260634e-39
0.024280000000000003,1.2746452981198885e-39
0.024300000000000002,1.0868365518510306e-39
0.02432,1.4506274660770457e-39
0.02434,1.568903459606884e-39
0.024360000000000003,1.4031380472275415e-39
0.024380000000000002,1.027622467606425e-39
0.0244,1.4379161594717011e-39
0.02442,1.3814008956563021e-39
0.024440000000000003,1.3039594842281946e-39
0.024460000000000003,1.499115346004545e-39
0.024480000000000002,1.4293029290596167e-39
0.0245,1.5874743953733076e-39
0.024520000000000004,1.326720627291039e-39
0.024540000000000003,1.1404947139788667e-39
0.024560000000000002,1.318356719901225e-39
0.02458,9.176935492754365e-40
0.0246,7.658217444249841e-40
0.024620000000000003,1.2261988048500256e-39
0.024640000000000002,8.256063877858298e-40
0.02466,9.20445060171917e-40
0.02468,1.159349759977804e-39
0.024700000000000003,1.06307661280108e-39
0.024720000000000002,1.0656526829408126e-39
0.02474,1.129459003863176e-39
0.02476,1.1578975959267642e-39
0.024780000000000003,1.1319454238142437e-39
0.024800000000000003,1.3500357593054549e-39
0.024820000000000002,1.1350030413416533e-39
0.02484,1.2456385110641557e-39
0.024860000000000004,9.671232586302545e-40
0.024880000000000003,1.2611775054072491e-39
0.024900000000000002,1.1210729453574231e-39
0.02492,1.2622510509182471e-39
0.02494,1.490356975895281e-39
0.024960000000000003,1.0988146522621665e-39
0.024980000000000002,1.0264525083792242e-39
0.025,1.1329322842490113e-39
0.02502,1.046807809558517e-39
0.025040000000000003,9.419821346525355e-40
0.025060000000000002,8.461293120133569e-40
0.02508,1.0860170488735502e-39
0.0251,1.1266761844401579e-39
0.025120000000000003,1.1183362605072567e-39
0.025140000000000003,9.608748371055825e-40
0.025160000000000002,6.9428935451731606e-40
0.02518,7.1076833950720665e-40
0.025200000000000004,1.1088045825339934e-39
0.025220000000000003,1.2512496592888389e-39
0.025240000000000002,1.2344974306451196e-39
0.02526,8.536267312419734e-40
0.02528,9.377424976261454e-40
0.025300000000000003,1.1242552875615729e-39
0.025320000000000002,1.0764892934279043e-39
0.02534,9.295532265954759e-40
0.02536,9.566590433067336e-40
0.025380000000000003,7.707676219363372e-40
0.025400000000000002,9.132322828864561e-40
0.02542,1.1128438259540747e-39
0.02544,1.0582078098430529e-39
0.025460000000000003,8.651842189571063e-40
0.025480000000000003,6.87925834405558e-40
0.025500000000000002,1.0452164737194236e-39
0.02552,1.3022431126728528e-39
0.025540000000000004,1.094034094170533e-39
0.025560000000000003,9.737284221821265e-40
0.025580000000000002,7.466048391459945e-40
0.0256,7.48851812176967e-40
0.02562,7.3444697815827105e-40
0.025640000000000003,8.29427891725034e-40
0.025660000000000002,1.0622188942475435e-39
0.02568,9.092147574364951e-40
0.0257,9.873404780338151e-40
0.025720000000000003,7.680955153558074e-40
0.025740000000000002,9.612058103727684e-40
0.02576,8.157076319762594e-40
0.02578,8.796888988698657e-40
0.025800000000000003,7.845232434253264e-40
0.025820000000000003,8.014363849197301e-40
0.025840000000000002,7.61670705634819e-40
0.02586,6.790999107323342e-40
0.025880000000000004,6.02244314928607e-40
0.025900000000000003,7.700824639422426e-40
0.025920000000000002,8.78268097587581e-40
0.02594,7.228980587388861e-40
0.02596,6.879816142110643e-40
0.025980000000000003,8.286905491826443e-40
0.026000000000000002,8.999869810873202e-40
0.02602,8.14786033183689e-40
0.02604,6.909024193788426e-40
0.026060000000000003,4.725605408031072e-40
0.026080000000000002,5.0656856020255575e-40
0.0261,7.036415051950822e-40
0.02612,7.2487655172091886e-40
0.026140000000000004,6.50006568718298e-40
0.026160000000000003,6.744686743576314e-40
0.026180000000000002,6.740204775040642e-40
0.0262,6.42511380432207e-40
0.026220000000000004,5.252223651959743e-40
0.026240000000000003,5.360486254146647e-40
0.026260000000000002,5.5964779655354e-40
0.02628,5.56542497645111e-40
0.0263,6.314056832080301e-40
0.026320000000000003,6.211372009859883e-40
0.026340000000000002,5.487743239388029e-40
0.02636,5.6733712856266304e-40
0.02638,5.589608963860761e-40
0.026400000000000003,7.163011882644008e-40
0.026420000000000003,5.437055430996084e-40
0.02644,4.849678638089084e-40
0.02646,5.596939748535579e-40
0.026480000000000004,6.869018164907528e-40
0.026500000000000003,4.65868091363707e-40
0.026520000000000002,3.932106836608773e-40
0.02654,4.202069254217787e-40
0.026560000000000004,4.803026436056581e-40
0.026580000000000003,5.608135266010826e-40
0.026600000000000002,4.8223751497302125e-40
0.02662,5.011540613526438e-40
0.02664,6.8777269408875745e-40
0.026660000000000003,6.4180316569484105e-40
0.026680000000000002,5.0438602459943644e-40
0.0267,5.629408891232208e-40
0.02672,5.190665969950809e-40
0.026740000000000003,4.356748075728852e-40
0.026760000000000003,4.5816282682649824e-40
0.02678,4.772321449306416e-40
0.0268,5.356200728616096e-40
0.026820000000000004,4.899655577703359e-40
0.026840000000000003,4.011594877858668e-40
0.026860000000000002,3.0691424294532144e-40
0.02688,4.365156162551135e-40
0.026900000000000004,4.835601805835822e-40
0.026920000000000003,4.5884800506710675e-40
0.026940000000000002,4.208620862645996e-40
0.02696,4.4667699296600905e-40
0.02698,4.098932624953206e-40
0.027000000000000003,3.795093719876837e-40
0.027020000000000002,3.811783221128162e-40
0.02704,3.6660973418291626e-40
0.02706,5.046641341406394e-40
0.027080000000000003,5.019460645602542e-40
0.027100000000000003,4.62872211880554e-40
0.027120000000000002,4.256241106686289e-40
0.02714,3.4271169367331614e-40
0.027160000000000004,3.529079006442135e-40
0.027180000000000003,3.80734061592127e-40
0.027200000000000002,4.187898279688783e-40
0.02722,3.764583480830821e-40
0.027240000000000004,3.819654483275005e-40
0.027260000000000003,3.5907729918697012e-40
0.027280000000000002,4.3041876646654046e-40
0.0273,3.61131767013521e-40
0.02732,3.936220535931185e-40
0.027340000000000003,2.9876897186899902e-40
0.027360000000000002,3.120400961653606e-40
0.02738,3.975779385046572e-40
0.0274,3.356885657158232e-40
0.027420000000000003,2.8398937406469243e-40
0.027440000000000003,2.634490585803358e-40
0.027460000000000002,3.001202763426083e-40
0.02748,3.5419485276951475e-40
0.027500000000000004,3.6700686503432864e-40
0.027520000000000003,3.744055265850955e-40
0.027540000000000002,3.1490859571351446e-40
0.02756,3.3122921081968532e-40
0.027580000000000004,3.541796346423838e-40
0.027600000000000003,3.3451985101292712e-40
0.027620000000000002,3.105033378984003e-40
0.02764,2.9102762163556585e-40
0.02766,2.41600570545714e-40
0.027680000000000003,2.4065057892499848e-40
0.027700000000000002,2.509837123880037e-40
0.02772,3.026252951453364e-40
0.02774,2.9563271897561994e-40
0.027760000000000003,2.9077018921118317e-40
0.027780000000000003,2.6866316358203394e-40
0.027800000000000002,2.1597788506080434e-40
0.02782,2.2329859289761517e-40
0.027840000000000004,2.0036037427868106e-40
0.027860000000000003,2.2916996459632003e-40
0.027880000000000002,2.7442002783044372e-40
0.0279,2.273899539284077e-40
0.027920000000000004,2.3091163471593668e-40
0.027940000000000003,2.055536457458364e-40
0.027960000000000002,2.117354450593249e-40
0.02798,2.015846713871428e-40
0.028,1.9258684145095294e-40
0.028020000000000003,1.7430864520295826e-40
0.028040000000000002,1.952268661459103e-40
0.02806,2.3322014919865886e-40
0.02808,1.897022096262973e-40
0.028100000000000003,2.1853841512882655e-40
0.028120000000000003,1.9072484795196164e-40
0.028140000000000002,2.352258126235309e-40
0.02816,2.5771212748533366e-40
0.028180000000000004,1.7807560419691193e-40
0.028200000000000003,1.7765678278206382e-40
0.028220000000000002,1.867209151416976e-40
0.02824,1.885794470487684e-40
0.028260000000000004,1.6629585309956048e-40
0.028280000000000003,1.5133185902549551e-40
0.028300000000000002,1.5261304797302883e-40
0.02832,1.6731215835583273e-40
0.02834,1.7146008941870554e-40
0.028360000000000003,1.276268095496407e-40
0.028380000000000002,1.1372619883425122e-40
0.0284,1.0547288523727369e-40
0.02842,1.246387828175816e-40
0.028440000000000003,1.318484580009493e-40
0.028460000000000003,1.290466942700047e-40
0.028480000000000002,1.5421628491958447e-40
0.0285,1.3765183422476025e-40
0.028520000000000004,1.0612141462220662e-40
0.028540000000000003,1.3230447120114494e-40
0.028560000000000002,1.4589065513276639e-40
0.02858,1.0977750513928111e-40
0.028600000000000004,1.0795048810847076e-40
0.028620000000000003,1.1893778095018837e-40
0.028640000000000002,8.245761718063607e-41
0.02866,8.219141535936298e-41
0.02868,8.502612562166843e-41
0.028700000000000003,8.09173065576242e-41
0.028720000000000002,7.782613396565572e-41
0.02874,8.389111096346692e-41
0.02876,9.104085690922899e-41
0.028780000000000003,7.277633944822525e-41
0.028800000000000003,9.641215106597442e-41
0.028820000000000002,8.329141143026255e-41
0.02884,7.29205769604361e-41
0.028860000000000004,7.557787606682032e-41
0.028880000000000003,7.824283386453059e-41
0.028900000000000002,6.525120490615235e-41
0.02892,5.888383441271446e-41
0.028940000000000004,6.339052168786099e-41
0.028960000000000003,7.332414701798972e-41
0.028980000000000002,5.520664171975413e-41
0.029,5.970005917846617e-41
0.02902,5.938736931272508e-41
0.029040000000000003,5.196042310093394e-41
0.029060000000000002,4.818496724996258e-41
0.02908,4.5650874480667357e-41
0.0291,4.357595924125005e-41
0.029120000000000004,4.289901188066653e-41
0.029140000000000003,3.7648562107377527e-41
0.029160000000000002,5.470594375889805e-41
0.02918,5.487680021733716e-41
0.029200000000000004,3.7722418699347614e-41
0.029220000000000003,3.8233047179427334e-41
0.029240000000000002,3.1832099376717544e-41
0.02926,2.6835909504134806e-41
0.029280000000000004,3.329482607352037e-41
0.029300000000000003,3.026798521135503e-41
0.029320000000000002,2.8320117381941785e-41
0.02934,1.969797081034954e-41
0.02936,2.1027105730421423e-41
0.029380000000000003,1.8881982995266415e-41
0.029400000000000003,1.8895760843477994e-41
0.02942,1.9232977899819308e-41
0.02944,1.548141784132099e-41
0.029460000000000004,1.4072130714007903e-41
0.029480000000000003,1.3024973745929487e-41
0.029500000000000002,1.3078776909622754e-41
0.02952,1.3234371404868525e-41
0.029540000000000004,1.2174525505025534e-41
0.029560000000000003,8.326306878769875e-42
0.029580000000000002,8.897973057166071e-42
0.0296,8.207907134247693e-42
0.029620000000000004,7.111979282371491e-42
0.029640000000000003,7.830551554753135e-42
0.029660000000000002,8.216751471153044e-42
0.02968,5.859893639115362e-42
0.0297,4.892934204245006e-42
0.029720000000000003,5.689670252892927e-42
0.029740000000000003,4.6406160277311375e-42
0.02976,3.895551770089907e-42
0.02978,3.400860629763423e-42
0.029800000000000004,2.605500961475851e-42
0.029820000000000003,1.8668258558140203e-42
0.029840000000000002,1.6194339561202613e-42
0.02986,1.2415453363435565e-42
0.029880000000000004,9.883811065434317e-43
0.029900000000000003,7.561492012814683e-43
0.029920000000000002,4.7225145112853965e-43
0.02994,3.597702210299115e-43
0.029960000000000004,1.3334788485092536e-43
0.029980000000000003,4.0876442373639614e-44
0.030000000000000002,7.252791994094674e-45
0.03002,1.675571583626977e-44
0.03004,7.175125142537047e-44
0.030060000000000003,2.254992036611619e-43
0.030080000000000003,3.728197983234228e-43
0.030100000000000002,5.227981848793349e-43
0.03012,7.586677557269488e-43
0.030140000000000004,1.234817222768171e-42
0.030160000000000003,1.758134748367738e-42
0.030180000000000002,2.332976052574853e-42
0.0302,2.5929286379894737e-42
0.030220000000000004,2.7965520937425188e-42
0.030240000000000003,3.8760690933787656e-42
0.030260000000000002,4.134177549015486e-42
0.03028,3.9887233122392205e-42
0.030300000000000004,4.793366979312179e-42
0.030320000000000003,6.801823744168062e-42
0.030340000000000002,6.842979289710879e-42
0.03036,7.776670177820362e-42
0.03038,7.435568638650742e-42
0.030400000000000003,8.000819117248505e-42
0.030420000000000003,7.1889102802892e-42
0.030440000000000002,9.021836066437975e-42
0.03046,1.1331204800122107e-41
0.030480000000000004,1.2863521939241948e-41
0.030500000000000003,1.3529778119759916e-41
0.030520000000000002,1.7347193153514825e-41
0.03054,2.1324365587713098e-41
0.030560000000000004,2.1471856051505796e-41
0.030580000000000003,1.7257670521812524e-41
0.030600000000000002,2.1502225679991552e-41
0.03062,2.6345534543377157e-41
0.030640000000000004,2.869100842292354e-41
0.030660000000000003,3.1145292537707645e-41
0.030680000000000002,2.845445767233129e-41
0.0307,2.4977567505629193e-41
0.030720000000000004,3.1077969980292326e-41
0.030740000000000003,3.543298948155536e-41
0.030760000000000003,3.013047423488879e-41
0.030780000000000002,3.071115198042096e-41
0.0308,2.431068231865501e-41
0.030820000000000004,2.1892378772006234e-41
0.030840000000000003,3.0025816694453986e-41
0.030860000000000002,3.2426489759247464e-41
0.03088,4.792439029256292e-41
0.030900000000000004,5.636470806425666e-41
0.030920000000000003,4.73667787650446e-41
0.030940000000000002,5.801560206387588e-41
0.03096,6.121751242311862e-41
0.030980000000000004,5.663749115465354e-41
0.031000000000000003,6.562470720249279e-41
0.031020000000000002,6.378671676045892e-41
0.03104,5.558392692676017e-41
0.031060000000000004,5.174071997507093e-41
0.031080000000000003,6.301816399842156e-41
0.031100000000000003,5.49314947715343e-41
0.031120000000000002,7.454691590661879e-41
0.03114,7.661867874611927e-41
0.031160000000000004,7.882786067574037e-41
0.031180000000000003,9.152119828427307e-41
0.031200000000000002,8.596323545094008e-41
0.03122,6.611552514190416e-41
0.031240000000000004,8.636772820392915e-41
0.03126,1.0349279588006973e-40
0.03128,1.053714080711678e-40
0.0313,9.979685744002297e-41
0.03132,1.1256180185644308e-40
0.03134,1.5322273561209166e-40
0.031360000000000006,1.4522602381218922e-40
0.031380000000000005,1.343557907765731e-40
0.031400000000000004,1.3806127122338232e-40
0.031420000000000003,1.7227610734439632e-40
0.03144,1.6211449625389823e-40
0.03146,1.5202189221611366e-40
0.03148,1.4867725665240508e-40
0.0315,1.2625152168679735e-40
0.03152,1.786000160288805e-40
0.031540000000000006,2.054371168582012e-40
0.031560000000000005,1.6220753945753899e-40
0.031580000000000004,1.5530246114368246e-40
0.0316,1.3794497604467697e-40
0.03162,1.384336401949312e-40
0.03164,1.8589825348465804e-40
0.03166,2.0710681672675436e-40
0.03168,1.8363087698750685e-40
0.031700000000000006,2.0252416966792956e-40
0.031720000000000005,2.361609938329254e-40
0.031740000000000004,2.4057960165314918e-40
0.031760000000000004,2.4593091591551967e-40
0.03178,2.5174427695135062e-40
0.0318,1.9543480432765757e-40
0.03182,2.216952318198793e-40
0.03184,2.6879686233773818e-40
0.03186,2.3205711082767186e-40
0.031880000000000006,2.235203110017356e-40
0.031900000000000005,1.853648840197596e-40
0.031920000000000004,2.003251751584854e-40
0.03194,2.60408726561561e-40
0.03196,3.1159318606653106e-40
0.03198,2.7087607249287267e-40
0.032,2.9363545473367492e-40
0.03202,2.3582124060982464e-40
0.032040000000000006,1.8421627810344096e-40
0.032060000000000005,2.3080407669799952e-40
0.032080000000000004,2.7090085243496376e-40
0.032100000000000004,3.258849363277643e-40
0.03212,3.6017468693045466e-40
0.03214,3.012477381291339e-40
0.03216,2.8473972723142377e-40
0.03218,2.4509802999841286e-40
0.0322,3.0679265817829487e-40
0.032220000000000006,3.4092284611115537e-40
0.032240000000000005,3.0695927064972103e-40
0.032260000000000004,3.1277132486819532e-40
0.03228,2.8678958121797195e-40
0.0323,3.286189120771764e-40
0.03232,3.0384467074936714e-40
0.03234,3.687792720153493e-40
0.03236,4.428936782854917e-40
0.032380000000000006,3.92096680192611e-40
0.032400000000000005,3.226955994862932e-40
0.032420000000000004,2.8509797032808916e-40
0.032440000000000004,3.312353154322569e-40
0.03246,4.195518714967591e-40
0.03248,4.865456307373237e-40
0.0325,4.358110526815509e-40
0.03252,3.878692750334117e-40
0.03254,4.042618317545663e-40
0.032560000000000006,4.7672744322800706e-40
0.032580000000000005,4.955298277585758e-40
0.032600000000000004,3.959939564316557e-40
0.03262,4.3106076636556576e-40
0.03264,5.69540114866685e-40
0.03266,4.810142196193609e-40
0.03268,4.034650005287561e-40
0.0327,4.235122965516447e-40
0.032720000000000006,5.624795718114025e-40
0.032740000000000005,5.377742374192599e-40
0.032760000000000004,3.849311847792469e-40
0.032780000000000004,4.018484564441941e-40
0.0328,6.414477258037483e-40
0.03282,7.62217263486118e-40
0.03284,5.493279847104348e-40
0.03286,4.871877780811909e-40
0.03288,5.069007142073299e-40
0.032900000000000006,5.469842388312698e-40
0.032920000000000005,4.820179979510607e-40
0.032940000000000004,4.871330112779211e-40
0.03296,6.714921593592482e-40
0.03298,5.883057629553121e-40
0.033,6.377017725525791e-40
0.03302,7.483459702844328e-40
0.03304,6.20229081918457e-40
0.033060000000000006,5.2430676770897575e-40
0.033080000000000005,6.535073457391088e-40
0.033100000000000004,5.430672871909686e-40
0.033120000000000004,5.061541153875696e-40
0.03314,5.802098244344205e-40
0.03316,5.630351188250578e-40
0.03318,5.9689846031690655e-40
0.0332,6.535483173781189e-40
0.03322,5.780815178887389e-40
0.033240000000000006,7.021208574919439e-40
0.033260000000000005,5.2841736925668005e-40
0.033280000000000004,5.683837006090402e-40
0.0333,7.661741546053e-40
0.03332,7.1404553757474315e-40
0.03334,6.401427607643674e-40
0.03336,7.245766569184439e-40
0.03338,7.781609912239199e-40
0.033400000000000006,8.679569730161846e-40
0.033420000000000005,1.0079003260776156e-39
0.033440000000000004,9.233450062197019e-40
0.033460000000000004,1.0193629486581113e-39
0.03348,9.156163207475695e-40
0.0335,8.071930601701542e-40
0.03352,7.779185847155583e-40
0.03354,8.593472308568536e-40
0.03356,9.717306907292531e-40
0.033580000000000006,9.429522471035679e-40
0.033600000000000005,9.103507886768598e-40
0.033620000000000004,8.870761783179169e-40
0.03364,9.567286544846503e-40
0.03366,1.017115122883634e-39
0.03368,1.0495146686457257e-39
0.0337,1.2635814528893894e-39
0.03372,1.2572232566026164e-39
0.033740000000000006,1.0382914243320338e-39
0.033760000000000005,9.191530691746223e-40
0.033780000000000004,1.0906738854315256e-39
0.033800000000000004,1.2007069878934065e-39
0.03382,1.0003161155065505e-39
0.03384,1.0139689623253974e-39
0.03386,1.0968221197773768e-39
0.03388,1.3672798541357756e-39
0.0339,1.2577660556982654e-39
0.033920000000000006,1.0344472269825072e-39
0.033940000000000005,9.664111693450947e-40
0.033960000000000004,1.1640811714247213e-39
0.03398,1.2403448565178685e-39
0.034,1.2210326946062356e-39
0.03402,1.0147686848166417e-39
0.03404,9.861985812422364e-40
0.03406,1.1214079465090057e-39
0.034080000000000006,1.0548095266770393e-39
0.034100000000000005,1.1476464368645414e-39
0.034120000000000004,1.5245295451038653e-39
0.034140000000000004,1.4296467207282067e-39
0.03416,1.7798617445784126e-39
0.03418,1.372125750699601e-39
0.0342,1.0510316295352161e-39
0.03422,1.087549868272305e-39
0.03424,1.0010980979961402e-39
0.034260000000000006,1.357233052132218e-39
0.034280000000000005,1.523517418947746e-39
0.034300000000000004,1.3435286800784017e-39
0.03432,1.0242769172842343e-39
0.03434,1.0516093697663806e-39
0.03436,8.887073995701178e-40
0.03438,1.13178060999549e-39
0.0344,1.5699677464171647e-39
0.034420000000000006,1.515420785600356e-39
0.034440000000000005,1.1292100912837569e-39
0.034460000000000005,1.1847339734067915e-39
0.034480000000000004,1.1763992784235638e-39
0.0345,1.2683393911942539e-39
0.03452,1.4533350123884601e-39
0.03454,1.4777269080443436e-39
0.03456,1.6424646423451413e-39
0.03458,1.36542575724357e-39
0.034600000000000006,1.496806300912666e-39
0.034620000000000005,1.5929462696338226e-39
0.034640000000000004,1.9815104635015608e-39
0.03466,1.9667039601597264e-39
0.03468,1.5909988453200378e-39
0.0347,1.2851954568973725e-39
0.03472,1.2576020829981682e-39
0.03474,1.7115692089152503e-39
0.034760000000000006,1.7863095142109154e-39
0.034780000000000005,1.646549704180821e-39
0.034800000000000005,1.6820938921907434e-39
0.034820000000000004,1.580702172391138e-39
0.03484,1.1366683249204633e-39
0.03486,1.3578240735909171e-39
0.03488,1.456662685864586e-39
0.0349,1.6744540918067947e-39
0.03492,1.43370504257334e-39
0.034940000000000006,1.8723499433495647e-39
0.034960000000000005,1.690285618841353e-39
0.034980000000000004,1.7728910658496862e-39
0.035,1.9193812992499486e-39
0.03502,1.811862904194508e-39
0.03504,1.570343531446498e-39
0.03506,1.5180401745218896e-39
0.03508,1.6343595676634718e-39
0.035100000000000006,1.6252510979920158e-39
0.035120000000000005,1.8164469437021333e-39
0.035140000000000005,1.7701852081599212e-39
0.035160000000000004,2.112093524141562e-39
0.03518,1.939454679772756e-39
0.0352,2.4429064005046472e-39
0.03522,2.8249720455408517e-39
0.03524,2.2428434270075803e-39
0.03526,1.95116176056004e-39
0.035280000000000006,1.8798911772202268e-39
0.035300000000000005,1.6693587488877862e-39
0.035320000000000004,1.6068536134904023e-39
0.03534,1.8382268039919277e-39
0.03536,1.477343001368799e-39
0.03538,1.4171205881089392e-39
0.0354,2.041489844948287e-39
0.03542,2.413865904902634e-39
0.035440000000000006,1.858774423096997e-39
0.035460000000000005,2.1562284242865528e-39
0.035480000000000005,2.1617057314732408e-39
0.035500000000000004,2.375403399657482e-39
0.03552,2.336180610136291e-39
0.03554,1.9068402221044776e-39
0.03556,2.234179811033238e-39
0.03558,1.992786784157787e-39
0.0356,1.8351503905917304e-39
0.035620000000000006,1.8095212139010305e-39
0.035640000000000005,1.589268219468272e-39
0.035660000000000004,2.0234432405503494e-39
0.03568,2.252067364053272e-39
0.0357,2.287589375831012e-39
0.03572,2.1441067560727993e-39
0.03574,2.1754528553659305e-39
0.03576,2.406154458964477e-39
0.035780000000000006,2.650051183597194e-39
0.035800000000000005,1.9923194971560193e-39
0.035820000000000005,1.9850951304025578e-39
0.035840000000000004,2.408351549423165e-39
0.03586,2.617897120932956e-39
0.03588,2.4489245848107e-39
0.0359,1.6574160904025632e-39
0.03592,1.548359312258279e-39
0.03594,1.835583305103916e-39
0.035960000000000006,2.5408245671652387e-39
0.035980000000000005,1.9917908746600505e-39
0.036000000000000004,2.106404110565071e-39
0.03602,2.6071262563138565e-39
0.03604,2.9197719282843678e-39
0.03606,2.199913565562697e-39
0.03608,1.8718386341413997e-39
0.0361,2.474117341345211e-39
0.036120000000000006,2.6078019958589996e-39
0.036140000000000005,2.0297736985292565e-39
0.036160000000000005,1.6556964120679763e-39
0.036180000000000004,1.8758053430752533e-39
0.0362,2.4184588747810766e-39
0.03622,3.036662258767979e-39
0.03624,3.1388758406273257e-39
0.03626,2.8350350503323757e-39
0.03628,2.2125745158823926e-39
0.036300000000000006,2.3722571078710725e-39
0.036320000000000005,2.3975007038399468e-39
0.036340000000000004,2.4716463099958992e-39
0.03636,2.4114392383582615e-39
0.03638,2.126438222579812e-39
0.0364,2.344229040821286e-39
0.03642,2.1850524373341373e-39
0.03644,2.1273248556164366e-39
0.036460000000000006,2.9977340668156904e-39
0.036480000000000005,3.126004318310436e-39
0.036500000000000005,3.091707455039219e-39
0.036520000000000004,2.464623162862675e-39
0.03654,2.9570003903523525e-39
0.03656,2.4735796776823047e-39
0.03658,2.5395760397199625e-39
0.0366,3.082140274136406e-39
0.03662,3.045240350488371e-39
0.036640000000000006,3.874375959577138e-39
0.036660000000000005,3.7482021810185376e-39
0.036680000000000004,3.527831277482155e-39
0.0367,3.048764599946124e-39
0.03672,2.4193455354142676e-39
0.03674,2.1803315031816577e-39
0.03676,2.158455437389031e-39
0.03678,1.7697091232921184e-39
0.036800000000000006,2.6398179652395083e-39
0.036820000000000006,2.823520690792474e-39
0.036840000000000005,3.183289880667431e-39
0.036860000000000004,3.8300732635592076e-39
0.03688,3.3421335034287205e-39
0.0369,3.1351016595587844e-39
0.03692,2.8378860993698625e-39
0.03694,3.552003500178993e-39
0.03696,3.8491247702030205e-39
0.036980000000000006,3.159801027220623e-39
0.037000000000000005,3.665475808368963e-39
0.037020000000000004,3.966577437587895e-39
0.037040000000000003,2.830659049538244e-39
0.03706,2.7153636799582522e-39
0.03708,3.2176219087258205e-39
0.0371,2.6558481003879553e-39
0.03712,2.272333092723318e-39
0.037140000000000006,2.7106221668046058e-39
0.037160000000000006,3.520914767340756e-39
0.037180000000000005,2.6609113874462294e-39
0.037200000000000004,2.9677384029810354e-39
0.03722,4.212637462009493e-39
0.03724,4.096614152236981e-39
0.03726,4.074329991638661e-39
0.03728,4.399065764345559e-39
0.0373,3.648380426537848e-39
0.037320000000000006,3.4540368345743075e-39
0.037340000000000005,4.101112523421746e-39
0.037360000000000004,3.706800887018553e-39
0.037380000000000004,2.9188350265304174e-39
0.0374,3.121516940182085e-39
0.03742,3.2139820740485605e-39
0.03744,3.904035854160992e-39
0.03746,4.32596710896263e-39
0.037480000000000006,3.663799188580905e-39
0.037500000000000006,3.35432917606738e-39
0.037520000000000005,4.432742240397532e-39
0.037540000000000004,4.930711254000846e-39
0.03756,3.602292593805583e-39
0.03758,3.803428534289931e-39
0.0376,4.303056353653396e-39
0.03762,3.8016675848937547e-39
0.03764,2.8649755886235164e-39
0.037660000000000006,4.0135529334367376e-39
0.037680000000000005,3.859198443199902e-39
0.037700000000000004,3.4419334129018295e-39
0.037720000000000004,3.544423667571068e-39
0.03774,2.9306221278717095e-39
0.03776,3.161808303801457e-39
0.03778,3.4560194218858583e-39
0.0378,4.324631867420657e-39
0.037820000000000006,4.023833646226527e-39
0.037840000000000006,3.7124227016827524e-39
0.037860000000000005,3.525237795326354e-39
0.037880000000000004,3.7846929693501487e-39
0.0379,4.226983948628409e-39
0.03792,4.5123012752924035e-39
0.03794,5.573620914811664e-39
0.03796,4.438480504103055e-39
0.03798,4.7587715511761135e-39
0.038000000000000006,3.8530756184316607e-39
0.038020000000000005,2.831812244041589e-39
0.038040000000000004,4.053308588491152e-39
0.038060000000000004,5.51266229758195e-39
0.03808,4.865568608914884e-39
0.0381,2.8249176913344438e-39
0.03812,4.243585818599788e-39
0.03814,5.1079018982915087e-39
0.038160000000000006,4.678293592862012e-39
0.038180000000000006,4.6731218135001267e-39
0.038200000000000005,3.815741670175738e-39
0.038220000000000004,4.482156847114161e-39
0.03824,4.374781261111359e-39
0.03826,4.62964890195751e-39
0.03828,4.963313232779671e-39
0.0383,5.045004887854636e-39
0.03832,4.3951119920697945e-39
0.038340000000000006,4.065243644741639e-39
0.038360000000000005,5.266294620263821e-39
0.038380000000000004,4.9596946944126654e-39
0.038400000000000004,4.5529475840439153e-39
0.03842,4.4197256541712094e-39
0.03844,4.272864197792954e-39
0.03846,3.4706148839096225e-39
0.03848,3.5392459840004555e-39
0.038500000000000006,4.541034115516816e-39
0.038520000000000006,4.404802346643219e-39
0.038540000000000005,4.85814072442478e-39
0.038560000000000004,3.873775601938008e-39
0.03858,4.843683473317721e-39
0.0386,4.040732560516842e-39
0.03862,4.567314432235618e-39
0.03864,5.18973171884621e-39
0.03866,5.32320924836599e-39
0.038680000000000006,6.289979808328363e-39
0.038700000000000005,5.0259919563964516e-39
0.038720000000000004,4.2148588638515735e-39
0.038740000000000004,4.631741752015099e-39
0.03876,5.3666920241724346e-39
0.03878,4.3544508680262316e-39
0.0388,4.277808287853791e-39
0.03882,4.476409540511408e-39
0.038840000000000006,5.0768230971533825e-39
0.038860000000000006,3.4363301481331907e-39
0.038880000000000005,3.910148232050316e-39
0.038900000000000004,4.841050614708823e-39
0.03892,4.589921308174113e-39
0.03894,4.3318709337632155e-39
0.03896,4.2999405893894845e-39
0.03898,5.232360288451679e-39
0.039,6.084375586951815e-39
0.039020000000000006,5.0208257745433895e-39
0.039040000000000005,4.889407055496509e-39
0.039060000000000004,4.310104976628043e-39
0.039080000000000004,4.240440956505559e-39
0.0391,4.86271037293205e-39
0.03912,5.7806449278900015e-39
0.03914,4.561742869695904e-39
0.03916,5.480970581458523e-39
0.039180000000000006,6.264931170913424e-39
0.039200000000000006,4.635568218011761e-39
0.039220000000000005,4.59562918188537e-39
0.039240000000000004,4.90393801020643e-39
0.03926,6.791045234011684e-39
0.03928,6.461402445179728e-39
0.0393,4.886678219051531e-39
0.03932,4.6781188199374186e-39
0.03934,4.4210236470655516e-39
0.039360000000000006,4.6468274916361106e-39
0.039380000000000005,5.293995106811688e-39
0.039400000000000004,5.153431602514655e-39
0.039420000000000004,5.476009735120568e-39
0.03944,5.667254300566762e-39
0.03946,3.818594452809392e-39
0.03948,4.6057932512491547e-39
0.0395,6.283634422187187e-39
0.039520000000000007,4.9010384560476675e-39
0.039540000000000006,4.4379643867629044e-39
0.039560000000000005,5.242950762895014e-39
0.039580000000000004,5.113592705201544e-39
0.0396,6.071336788538731e-39
0.03962,6.25411941379733e-39
0.03964,6.065980902681514e-39
0.03966,5.866161619162067e-39
0.03968,5.2508686598536145e-39
0.039700000000000006,5.7559462187906754e-39
0.039720000000000005,7.327674951632918e-39
0.039740000000000004,5.81935441827277e-39
0.039760000000000004,4.7829008681320276e-39
0.03978,4.1533569880106356e-39
0.0398,4.491275181893043e-39
0.03982,4.8575692164208445e-39
0.03984,4.842136314492597e-39
0.03986000000000001,4.975716378727277e-39
0.039880000000000006,4.0999814065945796e-39
0.039900000000000005,4.925520596100337e-39
0.039920000000000004,5.236457386726033e-39
0.03994,3.969948020121368e-39
0.03996,5.346477459322253e-39
0.03998,6.490576503389631e-39
0.04,6.232339670624138e-39
0.04002,6.229736148865775e-39
0.040040000000000006,6.807732814488562e-39
0.040060000000000005,6.612033548281582e-39
0.040080000000000005,6.014864130131973e-39
0.040100000000000004,5.516062271964487e-39
0.04012,4.9052749571917945e-39
0.04014,6.37105864276948e-39
0.04016,6.247258677812234e-39
0.04018,6.161806276110323e-39
0.04020000000000001,7.410757398356015e-39
0.040220000000000006,6.958017455372211e-39
0.040240000000000005,5.0733353793379317e-39
0.040260000000000004,5.653200479321124e-39
0.04028,7.552381214952776e-39
0.0403,7.088946292199658e-39
0.04032,8.371334828584855e-39
0.04034,6.854760756708715e-39
0.04036,5.611254348269243e-39
0.040380000000000006,5.1487438311435915e-39
0.040400000000000005,6.954166197324611e-39
0.040420000000000005,8.715855746763851e-39
0.040440000000000004,5.905801866091984e-39
0.04046,5.367714565372508e-39
0.04048,6.043701078598255e-39
0.0405,5.427974044207535e-39
0.04052,6.449879047270117e-39
0.04054000000000001,6.943775838971808e-39
0.040560000000000006,5.6346727555147e-39
0.040580000000000005,6.255236537871579e-39
0.040600000000000004,6.601587047177576e-39
0.04062,6.354935346681748e-39
0.04064,6.76038863101563e-39
0.04066,6.375321675639972e-39
0.04068,5.405152608654635e-39
0.0407,6.83288985704544e-39
0.040720000000000006,6.84200659136285e-39
0.040740000000000005,6.666472824155005e-39
0.040760000000000005,6.938014695986727e-39
0.040780000000000004,7.771254685870168e-39
0.0408,6.373035793243271e-39
0.04082,6.038301343914962e-39
0.04084,7.858633705993573e-39
0.04086,7.314948249083056e-39
0.04088000000000001,6.700804577716573e-39
0.040900000000000006,7.092326564068237e-39
0.040920000000000005,7.457789015411863e-39
0.040940000000000004,6.44290550490298e-39
0.04096,4.157856701974596e-39
0.04098,3.2875301144846884e-39
0.041,3.205709248581264e-39
0.04102,5.047334346865467e-39
0.04104,6.413408055587198e-39
0.041060000000000006,4.9689984829923307e-39
0.041080000000000005,4.201947412075319e-39
0.041100000000000005,6.316806288097142e-39
0.041120000000000004,6.557151359566222e-39
0.04114,5.8022593835525963e-39
0.04116,4.8865824855136216e-39
0.04118,5.121388977485678e-39
0.0412,5.8385116004262674e-39
0.04122000000000001,5.941579559834513e-39
0.041240000000000006,6.73719266468351e-39
0.041260000000000005,5.3458747967440836e-39
0.041280000000000004,6.952984911981794e-39
0.0413,7.18499431891423e-39
0.04132,6.934826676402966e-39
0.04134,7.97588633200938e-39
0.04136,6.973249104374136e-39
0.04138,8.688905129218374e-39
0.041400000000000006,9.433496956008265e-39
0.041420000000000005,7.971194476929762e-39
0.041440000000000005,6.165771400129663e-39
0.041460000000000004,5.8094308115222675e-39
0.04148,6.203782193702844e-39
0.0415,6.184095963172988e-39
0.04152,7.741874380146462e-39
0.04154,6.61622305473626e-39
0.04156000000000001,5.980866547684271e-39
0.041580000000000006,5.65735633981498e-39
0.041600000000000005,6.342848178134619e-39
0.041620000000000004,6.312302130006588e-39
0.04164,5.071638763705069e-39
0.04166,5.7172276677230664e-39
0.04168,6.771000469916057e-39
0.0417,5.771731522632645e-39
0.04172,7.109133732618644e-39
0.041740000000000006,6.045292401388605e-39
0.041760000000000005,5.963318820610214e-39
0.041780000000000005,6.57912616733096e-39
0.041800000000000004,7.585645241395669e-39
0.04182,6.712714629539754e-39
0.04184,6.218675490003628e-39
0.04186,6.171539747251514e-39
0.04188,6.590764875233588e-39
0.04190000000000001,5.3495453972881737e-39
0.041920000000000006,6.46629596219706e-39
0.041940000000000005,7.410456028875128e-39
0.041960000000000004,8.582744710179699e-39
0.04198,8.634757209245044e-39
0.042,7.850311598034226e-39
0.04202,7.705968253467931e-39
0.04204,7.496332947135008e-39
0.04206,8.686924981055982e-39
0.042080000000000006,7.999962233988347e-39
0.042100000000000005,6.422060612020568e-39
0.042120000000000005,5.1421531719646713e-39
0.042140000000000004,5.4755934173051216e-39
0.04216,6.774833173936409e-39
0.04218,5.248470334085808e-39
0.0422,4.364151809562994e-39
0.04222,5.173731723216749e-39
0.04224000000000001,5.7146888228713785e-39
0.042260000000000006,6.444311871251883e-39
0.042280000000000005,5.713441463112653e-39
0.042300000000000004,5.429633317686592e-39
0.04232,6.824599949976758e-39
0.04234,7.387770558180666e-39
0.04236,7.525789078705197e-39
0.04238,7.199886477753268e-39
0.0424,6.906858653922714e-39
0.042420000000000006,5.612071340343846e-39
0.042440000000000005,5.804530825336028e-39
0.042460000000000005,6.031408931203308e-39
0.042480000000000004,5.306852141041115e-39
0.0425,6.927740727504819e-39
0.04252,5.95850396329794e-39
0.04254,7.555156444351551e-39
0.04256,8.897537258585478e-39
0.04258000000000001,6.56654188172921e-39
0.042600000000000006,5.963193881990766e-39
0.042620000000000005,7.781056227725613e-39
0.042640000000000004,8.257436359077447e-39
0.042660000000000003,6.107048188609917e-39
0.04268,6.45130271865708e-39
0.0427,6.371321614146502e-39
0.04272,6.663252064029857e-39
0.04274,6.527474798462203e-39
0.042760000000000006,5.185247838954296e-39
0.042780000000000006,4.850612563221481e-39
0.042800000000000005,5.399819184225121e-39
0.042820000000000004,4.505141752599775e-39
0.04284,5.4788166313367044e-39
0.04286,8.999882474352989e-39
0.04288,8.935671071175453e-39
0.0429,8.085257811478745e-39
0.04292000000000001,9.295909579842769e-39
0.042940000000000006,7.585903666775117e-39
0.042960000000000005,5.623057215863613e-39
0.042980000000000004,6.082875187588228e-39
0.043000000000000003,6.176111894519151e-39
0.04302,5.993681208418192e-39
0.04304,8.150988749595173e-39
0.04306,7.701502283360113e-39
0.04308,8.205433801057943e-39
0.043100000000000006,8.17564617998421e-39
0.043120000000000006,8.939759068043608e-39
0.043140000000000005,7.077382259355145e-39
0.043160000000000004,7.104986513824421e-39
0.04318,7.702879075134159e-39
0.0432,7.880565231729343e-39
0.04322,6.305410250364578e-39
0.04324,7.610657736764199e-39
0.04326000000000001,8.770856508598448e-39
0.043280000000000006,7.437012388442373e-39
0.043300000000000005,6.723906071865924e-39
0.043320000000000004,8.099096395275112e-39
0.043340000000000004,7.21812142036207e-39
0.04336,6.442556894024625e-39
0.04338,9.553944131372546e-39
0.0434,1.0197293339287528e-38
0.04342,8.230301397705515e-39
0.043440000000000006,6.468577715767995e-39
0.043460000000000006,5.5383944767869014e-39
0.043480000000000005,6.645735662836107e-39
0.043500000000000004,6.0812999607856e-39
0.04352,6.659168826018751e-39
0.04354,4.730671821189374e-39
0.04356,3.542941581139914e-39
0.04358,4.716801500767909e-39
0.04360000000000001,5.403831372177435e-39
0.043620000000000006,7.466307740846534e-39
0.043640000000000005,7.838755669684122e-39
0.043660000000000004,7.317097284760206e-39
0.043680000000000004,8.419731667371585e-39
0.0437,7.58365575552945e-39
0.04372,7.564515898244093e-39
0.04374,8.588898969639592e-39
0.04376,8.434358580153544e-39
0.043780000000000006,7.444651812186524e-39
0.043800000000000006,8.154342534722806e-39
0.043820000000000005,9.279070957506606e-39
0.043840000000000004,7.237078531567952e-39
0.04386,6.614513701152584e-39
0.04388,5.991547871862267e-39
0.0439,7.095003377095711e-39
0.04392,8.580903234612588e-39
0.04394000000000001,7.377577278095709e-39
0.043960000000000006,5.994354051598375e-39
0.043980000000000005,5.866017050030647e-39
0.044000000000000004,6.542947504742928e-39
0.044020000000000004,6.602330802595681e-39
0.04404,6.813296984742049e-39
0.04406,7.012032445762678e-39
0.04408,4.825129974274366e-39
0.0441,5.463291702048997e-39
0.044120000000000006,6.978560537439274e-39
0.044140000000000006,8.704776145356312e-39
0.044160000000000005,7.305453026905842e-39
0.044180000000000004,8.272288514566672e-39
0.0442,7.874950519644904e-39
0.04422,6.264185213278745e-39
0.04424,7.201290609025179e-39
0.04426,7.301321823819245e-39
0.04428000000000001,6.027951174870512e-39
0.044300000000000006,5.727719026998569e-39
0.044320000000000005,7.32368472760375e-39
0.044340000000000004,6.830571610324038e-39
0.044360000000000004,6.754434813523987e-39
0.04438,5.826783042149497e-39
0.0444,4.7387378971705436e-39
0.04442,5.5553461311946185e-39
0.04444,7.223298980501512e-39
0.044460000000000006,7.348829496615929e-39
0.044480000000000006,7.118931356714298e-39
0.044500000000000005,6.16713147893512e-39
0.044520000000000004,6.909673462487778e-39
0.04454,5.879491503438856e-39
0.04456,4.06934403555028e-39
0.04458,6.627624130383409e-39
0.0446,8.418113654198377e-39
0.04462000000000001,7.15774811592142e-39
0.044640000000000006,5.532438185732411e-39
0.044660000000000005,4.571799213361411e-39
0.044680000000000004,5.683042012565779e-39
0.044700000000000004,6.346673872303096e-39
0.04472,5.482540109893739e-39
0.04474,6.766380987211391e-39
0.04476,5.952397122312485e-39
0.04478,5.17136046290237e-39
0.044800000000000006,6.098649078363124e-39
0.044820000000000006,8.155543850926222e-39
0.044840000000000005,8.004458635453743e-39
0.044860000000000004,6.876360210811241e-39
0.04488,8.728979989818053e-39
0.0449,6.827323110589288e-39
0.04492,6.421311717511075e-39
0.04494,7.101737457475269e-39
0.04496000000000001,6.886720365329652e-39
0.044980000000000006,6.215960220258468e-39
0.045000000000000005,5.6647714096865617e-39
0.045020000000000004,5.427345694059429e-39
0.045040000000000004,6.20077116029528e-39
0.04506,6.133313302963008e-39
0.04508,8.172683385511355e-39
0.0451,8.308577497984743e-39
0.04512,5.502992384017548e-39
0.045140000000000007,6.007233974185757e-39
0.045160000000000006,5.823571053347893e-39
0.045180000000000005,5.88023830868659e-39
0.045200000000000004,7.197228321272063e-39
0.04522,6.888823055672535e-39
0.04524,4.985825605490008e-39
0.04526,5.82492230105443e-39
0.04528,8.021510378565364e-39
0.04530000000000001,6.390895872841498e-39
0.045320000000000006,5.2160932188494023e-39
0.045340000000000005,6.398987902580043e-39
0.045360000000000004,6.287998593601695e-39
0.045380000000000004,5.529584130384934e-39
0.0454,5.346078517328893e-39
0.04542,5.6080293965954706e-39
0.04544,6.273425801511051e-39
0.04546,6.765842073604977e-39
0.04548000000000001,4.861856188586729e-39
0.045500000000000006,5.3043537468455675e-39
0.045520000000000005,5.59718073188908e-39
0.045540000000000004,6.033250997702955e-39
0.04556,6.73522371970535e-39
0.04558,8.06272876385163e-39
0.0456,7.241749586735824e-39
0.04562,7.185640928756209e-39
0.04564000000000001,8.07680911470728e-39
0.045660000000000006,5.998436669755111e-39
0.045680000000000005,4.7748622552126984e-39
0.045700000000000005,6.596380176470622e-39
0.045720000000000004,5.887339903862728e-39
0.04574,5.201800817678753e-39
0.04576,5.456870277210619e-39
0.04578,6.928485804886941e-39
0.0458,6.333567926071387e-39
0.04582000000000001,6.620055390240559e-39
0.045840000000000006,7.190589635083184e-39
0.045860000000000005,5.995141086792794e-39
0.045880000000000004,4.625561574842327e-39
0.0459,7.975207063796763e-39
0.04592,7.993940060850936e-39
0.04594,4.663527929664134e-39
0.04596,5.538653384271559e-39
0.04598000000000001,5.717876124304391e-39
0.046000000000000006,4.399058647758331e-39
0.046020000000000005,6.65874264307324e-39
0.046040000000000005,7.828282212927609e-39
0.046060000000000004,7.88905740207147e-39
0.04608,5.880337063278117e-39
0.0461,5.299110917859265e-39
0.04612,7.036656532416059e-39
0.04614,6.955156865208552e-39
0.04616000000000001,6.099887358937001e-39
0.046180000000000006,6.055521350201516e-39
0.046200000000000005,5.872309903462202e-39
0.046220000000000004,5.384967862362252e-39
0.04624,5.531016550516085e-39
0.04626,5.078462165298078e-39
0.04628,4.230940396684436e-39
0.0463,5.117158133242544e-39
0.04632000000000001,5.847742764637747e-39
0.046340000000000006,7.757136702164818e-39
0.046360000000000005,8.219232876889813e-39
0.046380000000000005,7.573203457884547e-39
0.046400000000000004,8.579415729086333e-39
0.04642,6.955392655334695e-39
0.04644,4.693140553760327e-39
0.04646,5.0039448582355215e-39
0.04648,5.097563869677939e-39
0.04650000000000001,4.589946198749398e-39
0.046520000000000006,5.1888413819489015e-39
0.046540000000000005,5.3306636007317416e-39
0.046560000000000004,6.015926658329885e-39
0.04658,5.949666520185946e-39
0.0466,5.1772707049990755e-39
0.04662,6.274401210277172e-39
0.04664,6.073820489090983e-39
0.04666000000000001,4.853546473537038e-39
0.046680000000000006,5.7839180296812934e-39
0.046700000000000005,4.532592287794762e-39
0.046720000000000005,5.1055448920836915e-39
0.046740000000000004,6.295065394737165e-39
0.04676,5.127146547638883e-39
0.04678,4.823696639142479e-39
0.0468,6.614358321195434e-39
0.04682,5.6812626805871865e-39
0.04684000000000001,5.19115925867069e-39
0.046860000000000006,6.117450427761832e-39
0.046880000000000005,6.659481613124624e-39
0.046900000000000004,5.741294737504612e-39
0.04692,5.911297668153816e-39
0.04694,5.3723318494095694e-39
0.04696,4.3942237018347855e-39
0.04698,5.791895142544444e-39
0.04700000000000001,6.384701487094254e-39
0.047020000000000006,5.674898102141181e-39
0.047040000000000005,6.626636896462175e-39
0.047060000000000005,4.1287340925964653e-39
0.047080000000000004,3.645897603196204e-39
0.0471,5.291439855065605e-39
0.04712,5.7362087746658484e-39
0.04714,5.8317221179789396e-39
0.04716,4.256645420931226e-39
0.04718000000000001,4.077283284551484e-39
0.047200000000000006,4.631209494645206e-39
0.047220000000000005,5.0685846876203855e-39
0.047240000000000004,5.1885203658882414e-39
0.04726,5.963509373138119e-39
0.04728,4.3548685870921307e-39
0.0473,4.2357436177538186e-39
0.04732,5.750632410668716e-39
0.04734000000000001,7.160684824782702e-39
0.047360000000000006,5.99054206400802e-39
0.047380000000000005,4.9473022235111e-39
0.047400000000000005,6.217821341760744e-39
0.047420000000000004,6.75716191113684e-39
0.04744,6.481602824874597e-39
0.04746,4.428477458696784e-39
0.04748,4.688207707524284e-39
0.0475,6.003521003783304e-39
0.04752000000000001,4.691287591665459e-39
0.047540000000000006,5.062970364887951e-39
0.047560000000000005,4.810585671222663e-39
0.047580000000000004,6.133399208275156e-39
0.0476,5.20866655625486e-39
0.04762,4.661622955074544e-39
0.04764,4.777085272538959e-39
0.04766,5.323140996473853e-39
0.04768000000000001,5.0726779730418776e-39
0.047700000000000006,4.679488740854821e-39
0.047720000000000005,5.003807183199275e-39
0.047740000000000005,5.850282466210327e-39
0.047760000000000004,4.5728320627996755e-39
0.04778,5.1243499670022344e-39
0.0478,4.6598112472331335e-39
0.04782,5.213186796228222e-39
0.04784,5.220908732670348e-39
0.04786000000000001,4.523009605352249e-39
0.047880000000000006,4.073152858080854e-39
0.047900000000000005,3.8175867303184766e-39
0.047920000000000004,4.623758458039477e-39
0.04794,5.3820590681463034e-39
0.04796,4.926016441216432e-39
0.04798,6.008131828731984e-39
0.048,6.090128992569955e-39
0.04802000000000001,6.128204859081473e-39
0.048040000000000006,5.0677797106817897e-39
0.048060000000000005,3.982744220755551e-39
0.048080000000000005,4.2155727062442495e-39
0.048100000000000004,4.4159274097214036e-39
0.04812,5.25770520104084e-39
0.04814,5.958089158197183e-39
0.04816,4.40340190441367e-39
0.04818,4.731418873460795e-39
0.04820000000000001,6.080378460971362e-39
0.048220000000000006,5.342706615908913e-39
0.048240000000000005,4.064339217559897e-39
0.048260000000000004,2.8334526955352336e-39
0.04828,3.251451265302416e-39
0.0483,4.7788271353670144e-39
0.04832,4.89683874490781e-39
0.04834,4.4691029390164115e-39
0.04836000000000001,3.597448574072351e-39
0.048380000000000006,4.1156955056460746e-39
0.048400000000000006,5.5322185097381084e-39
0.048420000000000005,4.837280943264155e-39
0.048440000000000004,4.879193333268874e-39
0.04846,5.171059448142359e-39
0.04848,6.727723481076696e-39
0.0485,4.824867986844288e-39
0.04852,4.52072420376904e-39
0.04854000000000001,4.901827518039838e-39
0.048560000000000006,5.3316509891775664e-39
0.048580000000000005,3.7624830560160305e-39
0.048600000000000004,4.202011246131809e-39
0.048620000000000003,3.346791749097866e-39
0.04864,3.74590050104697e-39
0.04866,3.808592522004683e-39
0.04868,4.578758772475506e-39
0.04870000000000001,4.978523287955083e-39
0.048720000000000006,5.523988549727897e-39
0.048740000000000006,4.241865858577678e-39
0.048760000000000005,4.4455907192765674e-39
0.048780000000000004,5.366354399908771e-39
0.0488,3.668687129922638e-39
0.04882,3.634371245354376e-39
0.04884,3.757699744912947e-39
0.04886,3.333642994822131e-39
0.04888000000000001,3.8865912757972254e-39
0.048900000000000006,4.2374671202132904e-39
0.048920000000000005,4.353448667204608e-39
0.048940000000000004,3.420997120236561e-39
0.048960000000000004,3.778947508839639e-39
0.04898,4.7889178055812655e-39
0.049,3.746585458533402e-39
0.04902,4.511396180038117e-39
0.04904000000000001,4.5803420723480806e-39
0.049060000000000006,3.66964561397917e-39
0.049080000000000006,4.763673136683538e-39
0.049100000000000005,4.110785719345986e-39
0.049120000000000004,3.185758150057902e-39
0.04914,3.103555765273472e-39
0.04916,2.7101146751931418e-39
0.04918,2.8112254857778158e-39
0.0492,3.2654278648687274e-39
0.04922000000000001,4.89915210244102e-39
0.049240000000000006,4.797287633010268e-39
0.049260000000000005,2.6116050641831677e-39
0.049280000000000004,3.107583206769517e-39
0.049300000000000004,2.7640095519245716e-39
0.04932,2.9330149977425634e-39
0.04934,2.994256619887781e-39
0.04936,3.1164480961308124e-39
0.04938000000000001,3.905112925391456e-39
0.049400000000000006,3.31075930565071e-39
0.049420000000000006,2.9050835181949257e-39
0.049440000000000005,3.537195660130417e-39
0.049460000000000004,3.6887702366973635e-39
0.04948,4.209474505742483e-39
0.0495,4.354950263313434e-39
0.04952,3.159317432407078e-39
0.04954,3.87096250253262e-39
0.04956000000000001,3.761002631904408e-39
0.049580000000000006,4.4901185422994454e-39
0.049600000000000005,4.43387473385314e-39
0.049620000000000004,3.441234495146396e-39
0.049640000000000004,3.503616871120841e-39
0.04966,3.104069370094467e-39
0.04968,2.7295033588930373e-39
0.0497,3.7293851579888656e-39
0.04972000000000001,3.3724642111367194e-39
0.049740000000000006,3.398400200809176e-39
0.049760000000000006,4.79456323248841e-39
0.049780000000000005,3.854589277676209e-39
0.049800000000000004,3.8447355188467455e-39
0.04982,4.830421375639129e-39
0.04984,4.06771401019359e-39
0.04986,3.4184572957192416e-39
0.04988,3.021116970555107e-39
0.04990000000000001,3.424032759672478e-39
0.049920000000000006,3.324821000911036e-39
0.049940000000000005,2.0004872973436796e-39
0.049960000000000004,2.1714529097983578e-39
0.049980000000000004,2.7443836927055267e-39
0.05,3.722718349799134e-39
0.05002,3.676733293850103e-39
0.05004,3.984712718520217e-39
0.05006000000000001,3.275136521437379e-39
0.050080000000000006,3.351129838600186e-39
0.050100000000000006,3.126068563544936e-39
0.050120000000000005,1.8483940609774458e-39
0.050140000000000004,2.1857637368001287e-39
0.05016,2.6243886601154122e-39
0.05018,3.135993015864532e-39
0.0502,3.0300141201585014e-39
0.05022,3.313179154082789e-39
0.05024000000000001,3.4961571697698033e-39
0.050260000000000006,2.6606708268478095e-39
0.050280000000000005,2.915571714557904e-39
0.050300000000000004,3.013530142909407e-39
0.050320000000000004,3.136939145426106e-39
0.05034,2.9443012244490685e-39
0.05036,2.4874461260808e-39
0.05038,2.978134458672091e-39
0.05040000000000001,2.7053783163588858e-39
0.050420000000000006,2.5784193555511763e-39
0.050440000000000006,2.2039091991579598e-39
0.050460000000000005,2.2933698334378315e-39
0.050480000000000004,2.2890764734522583e-39
0.0505,2.451595146569659e-39
0.05052,2.3332019286740678e-39
0.05054,2.424266759051675e-39
0.05056,2.3016418866534626e-39
0.05058000000000001,2.068171217556678e-39
0.050600000000000006,2.6749088963598492e-39
0.050620000000000005,2.8022691614435516e-39
0.050640000000000004,2.0050310244064142e-39
0.050660000000000004,2.1428691608177897e-39
0.05068,2.8814022737982786e-39
0.0507,2.806605155291814e-39
0.05072,2.4656567820230986e-39
0.05074000000000001,2.6760825436419945e-39
0.050760000000000007,2.3276032991475458e-39
0.050780000000000006,3.025656888820515e-39
0.050800000000000005,2.8486582130040735e-39
0.050820000000000004,2.6318022781891236e-39
0.05084,1.7848161879991654e-39
0.05086,2.4104235915549285e-39
0.05088,2.521431218175609e-39
0.0509,2.2891336420133302e-39
0.05092000000000001,2.972910696273595e-39
0.050940000000000006,3.15781040648983e-39
0.050960000000000005,2.1878571592944397e-39
0.050980000000000004,2.1394250715995945e-39
0.051000000000000004,2.91642700317758e-39
0.05102,3.788339120999014e-39
0.05104,3.241099257545913e-39
0.05106,2.1693911417257628e-39
0.05108000000000001,2.0776815559853285e-39
0.051100000000000007,2.427807789042068e-39
0.051120000000000006,2.5710848661961093e-39
0.051140000000000005,2.117211181742756e-39
0.051160000000000004,1.7327063229123984e-39
0.05118,1.5338489134161218e-39
0.0512,1.91884309843585e-39
0.05122,2.0554343308452042e-39
0.05124,2.628103805011046e-39
0.05126000000000001,2.320234791620139e-39
0.051280000000000006,2.188487009719417e-39
0.051300000000000005,1.8421760682565313e-39
0.051320000000000005,2.3706887135478685e-39
0.051340000000000004,1.9680221118549983e-39
0.05136,2.5612706269545847e-39
0.05138,2.8977300913924153e-39
0.0514,1.8439985437326462e-39
0.05142000000000001,1.817251630972606e-39
0.05144000000000001,1.665442140555437e-39
0.051460000000000006,1.9304718515661128e-39
0.051480000000000005,2.5096230255376237e-39
0.051500000000000004,1.878213807699626e-39
0.05152,1.8685068625475225e-39
0.05154,1.7828139768767365e-39
0.05156,1.6392082623282704e-39
0.05158,1.8801956483672547e-39
0.05160000000000001,1.6717841693657697e-39
0.051620000000000006,1.4985820204612335e-39
0.051640000000000005,1.5470539953522946e-39
0.051660000000000005,1.9821914074769425e-39
0.051680000000000004,1.505853994956224e-39
0.0517,1.1479061408255119e-39
0.05172,1.3057098279797905e-39
0.05174,2.008124470994496e-39
0.05176000000000001,1.8412483183760372e-39
0.05178000000000001,1.646259491715641e-39
0.051800000000000006,1.6660363012170102e-39
0.051820000000000005,1.4172761852929848e-39
0.051840000000000004,1.5321302218537204e-39
0.05186,1.466980362374355e-39
0.05188,2.2510190939971363e-39
0.0519,2.281768296515229e-39
0.05192,1.7127612741781422e-39
0.05194000000000001,1.6345810048672488e-39
0.051960000000000006,1.9908437973761056e-39
0.051980000000000005,2.4566042102339787e-39
0.052000000000000005,1.818936647107531e-39
0.052020000000000004,1.3494474802336191e-39
0.05204,1.47623177163773e-39
0.05206,1.600288453183164e-39
0.05208,1.5488901866155423e-39
0.05210000000000001,1.529168065061204e-39
0.05212000000000001,1.8443659455226066e-39
0.052140000000000006,1.8466092914716823e-39
0.052160000000000005,1.655943116164942e-39
0.052180000000000004,1.3192923685339453e-39
0.0522,1.0794835308307236e-39
0.05222,1.1923928029392429e-39
0.05224,1.4431314345890116e-39
0.05226,1.2785472519279548e-39
0.05228000000000001,1.4516308693827691e-39
0.052300000000000006,1.4027694028388768e-39
0.052320000000000005,1.0631803513555909e-39
0.052340000000000005,1.0036673722627642e-39
0.052360000000000004,1.5309523697301777e-39
0.05238,1.637152117525261e-39
0.0524,1.4557040364715855e-39
0.05242,1.6637212455530254e-39
0.05244000000000001,1.587870305966609e-39
0.05246000000000001,1.2835527210730098e-39
0.052480000000000006,1.1534624027845057e-39
0.052500000000000005,1.5111794866420737e-39
0.052520000000000004,1.2258662871120346e-39
0.05254,1.1849186621911072e-39
0.05256,1.1355977342076787e-39
0.05258,1.2838749237506099e-39
0.0526,1.0144144293029418e-39
0.05262000000000001,1.3278041179959222e-39
0.052640000000000006,1.5028011999464655e-39
0.052660000000000005,1.4149539583683298e-39
0.052680000000000005,1.064868889454807e-39
0.052700000000000004,1.1162488132113127e-39
0.05272,1.1812227871313887e-39
0.05274,1.1631845950547045e-39
0.05276,1.2594830228664709e-39
0.05278000000000001,1.411370383482833e-39
0.05280000000000001,1.0679809618295404e-39
0.052820000000000006,8.923943547187693e-40
0.052840000000000005,1.0365988536156873e-39
0.052860000000000004,8.87203349828254e-40
0.05288,1.2896798972558604e-39
0.0529,1.3618578486656078e-39
0.05292,1.2497290753094745e-39
0.05294,1.0444627521477949e-39
0.05296000000000001,1.2856838438823224e-39
0.052980000000000006,1.055329080042941e-39
0.053000000000000005,1.0418601399384315e-39
0.053020000000000005,9.297791935485375e-40
0.053040000000000004,7.840731868474495e-40
0.05306,1.0187504009585386e-39
0.05308,1.018446088991425e-39
0.0531,8.745432619719557e-40
0.05312000000000001,8.66169964059936e-40
0.05314000000000001,9.054868305295386e-40
0.053160000000000006,1.0393170962139764e-39
0.053180000000000005,1.0406974304433008e-39
0.053200000000000004,1.0519395415028383e-39
0.05322,7.337134529379388e-40
0.05324,8.680363645199347e-40
0.05326,8.785279957578998e-40
0.05328,9.681604233384827e-40
0.05330000000000001,9.324926403997151e-40
0.053320000000000006,8.388999102077664e-40
0.053340000000000005,9.481060901545418e-40
0.053360000000000005,1.0801975803350666e-39
0.053380000000000004,8.650637774565079e-40
0.0534,8.594477559290786e-40
0.05342,8.742907798941451e-40
0.05344,8.02484819384643e-40
0.05346000000000001,7.575988125892145e-40
0.05348000000000001,6.969633926254253e-40
0.053500000000000006,7.727092480068384e-40
0.053520000000000005,6.293471032824124e-40
0.053540000000000004,7.332017896119003e-40
0.05356,8.693349926925308e-40
0.05358,6.664333028699008e-40
0.0536,7.532993810103114e-40
0.05362,7.234271553049674e-40
0.05364000000000001,6.163793811893617e-40
0.053660000000000006,6.516679771371934e-40
0.053680000000000005,7.0725827545443415e-40
0.053700000000000005,6.287748698212461e-40
0.053720000000000004,5.98930296600606e-40
0.05374,5.569341589368801e-40
0.05376,6.057737593454751e-40
0.05378,5.485148738687638e-40
0.05380000000000001,5.360238578415497e-40
0.05382000000000001,5.0007646423543114e-40
0.053840000000000006,5.318965799622007e-40
0.053860000000000005,5.615269512399964e-40
0.053880000000000004,7.529789304714813e-40
0.0539,6.577766429633123e-40
0.05392,6.790310398148142e-40
0.05394,8.487194423974058e-40
0.05396,7.2818738443879666e-40
0.05398000000000001,6.956230854414859e-40
0.054000000000000006,6.742583506526113e-40
0.054020000000000006,5.660455725338767e-40
0.054040000000000005,5.9010480884539186e-40
0.054060000000000004,8.096911690400862e-40
0.05408,6.777009129076175e-40
0.0541,4.7347749000922565e-40
0.05412,4.210103554485925e-40
0.05414000000000001,3.998371290222396e-40
0.05416000000000001,4.1006148044063285e-40
0.054180000000000006,4.524823103293811e-40
0.054200000000000005,6.006281963033835e-40
0.054220000000000004,5.4120390981567796e-40
0.054240000000000003,4.687889140847919e-40
0.05426,4.581896497169609e-40
0.05428,5.31192012354726e-40
0.0543,6.47354963549394e-40
0.05432000000000001,5.6516877516068336e-40
0.054340000000000006,5.792143516976412e-40
0.054360000000000006,5.9019886913007e-40
0.054380000000000005,5.883673163009604e-40
0.054400000000000004,6.017020809770658e-40
0.05442,4.657429698534567e-40
0.05444,4.310644525437739e-40
0.05446,3.776416511308725e-40
0.05448000000000001,3.3829429913067748e-40
0.05450000000000001,4.559456239717083e-40
0.054520000000000006,4.7566295875972924e-40
0.054540000000000005,3.703231355729959e-40
0.054560000000000004,3.0710854288971553e-40
0.054580000000000004,3.5960554340479888e-40
0.0546,4.5494801549283805e-40
0.05462,5.445326487176798e-40
0.05464,5.6021472755599565e-40
0.05466000000000001,4.909763879951622e-40
0.054680000000000006,4.1797717923295985e-40
0.054700000000000006,3.900553365300226e-40
0.054720000000000005,4.410276955543441e-40
0.054740000000000004,4.0819852394429795e-40
0.05476,3.0956555109131024e-40
0.05478,3.3021253738384396e-40
0.0548,2.9959546634147602e-40
0.05482000000000001,3.9332595541482004e-40
0.05484000000000001,3.932164857122321e-40
0.054860000000000006,4.459440470185289e-40
0.054880000000000005,3.732680979276938e-40
0.054900000000000004,3.6753149279512835e-40
0.054920000000000004,3.0041999079175227e-40
0.05494,3.262496472530182e-40
0.05496,3.028216494029833e-40
0.05498,2.7757421940235044e-40
0.05500000000000001,3.3213667374509023e-40
0.055020000000000006,2.7738267740469464e-40
0.055040000000000006,3.2042121910993088e-40
0.055060000000000005,3.114820176857645e-40
0.055080000000000004,3.0134690140883005e-40
0.0551,2.3645210954400155e-40
0.05512,2.148709692446846e-40
0.05514,2.1578977476958337e-40
0.05516000000000001,2.6600019255246704e-40
0.05518000000000001,2.55139692542216e-40
0.055200000000000006,2.9004505434894163e-40
0.055220000000000005,2.067471336439892e-40
0.055240000000000004,1.877389381547137e-40
0.055260000000000004,2.0515220505467674e-40
0.05528,2.399743870050372e-40
0.0553,3.006308883838011e-40
0.05532,3.164517531316121e-40
0.05534000000000001,2.346706096352926e-40
0.055360000000000006,2.2827143593700108e-40
0.055380000000000006,2.485563069013302e-40
0.055400000000000005,2.167849887862556e-40
0.055420000000000004,1.989957149684004e-40
0.05544,2.2498575472412547e-40
0.05546,1.7390878618360398e-40
0.05548,1.964451074593813e-40
0.05550000000000001,1.958103777803067e-40
0.05552000000000001,2.0034728249468545e-40
0.055540000000000006,1.8351949337763834e-40
0.055560000000000005,1.9116822597855203e-40
0.055580000000000004,2.2349749107736503e-40
0.055600000000000004,1.8154382983670843e-40
0.05562,1.5511297098390834e-40
0.05564,1.8295052443373562e-40
0.05566,2.558850727740049e-40
0.05568000000000001,2.500830655700723e-40
0.055700000000000006,2.1612231519343873e-40
0.055720000000000006,1.8079223415457162e-40
0.055740000000000005,1.8149634584983306e-40
0.055760000000000004,1.827153555720541e-40
0.05578,1.8780218624266297e-40
0.0558,1.6434314982937624e-40
0.05582,1.5516670296247198e-40
0.05584000000000001,1.5214587008803841e-40
0.05586000000000001,1.4644057684656868e-40
0.055880000000000006,1.61486099636469e-40
0.055900000000000005,2.0672601860364207e-40
0.055920000000000004,1.9370394248284328e-40
0.055940000000000004,1.5504483005747345e-40
0.05596,1.7098175685288454e-40
0.05598,1.3540414427714022e-40
0.056,1.437466391158756e-40
0.05602000000000001,1.4750206368943728e-40
0.056040000000000006,1.2245898467504706e-40
0.056060000000000006,9.91655002469626e-41
0.056080000000000005,1.1769087685632396e-40
0.056100000000000004,1.2629767570473025e-40
0.05612,1.3560662039350004e-40
0.05614,1.4759812217817192e-40
0.05616,1.161553645078919e-40
0.05618000000000001,1.0189253285260916e-40
0.05620000000000001,1.237063690011366e-40
0.056220000000000006,9.846174695875643e-41
0.056240000000000005,6.721351104233814e-41
0.056260000000000004,7.531180669168047e-41
0.056280000000000004,8.391432364703759e-41
0.0563,7.564996632569479e-41
0.05632,8.28321470136781e-41
0.05634,7.355583027784181e-41
0.05636000000000001,9.19036207099962e-41
0.056380000000000006,7.822055744133653e-41
0.056400000000000006,7.657937829889981e-41
0.056420000000000005,6.046672977283676e-41
0.056440000000000004,8.739675346197228e-41
0.05646,1.049905106905045e-40
0.05648,9.815397403817712e-41
0.0565,1.2260240259274375e-40
0.05652000000000001,1.2944216659830944e-40
0.05654000000000001,9.009472168058482e-41
0.056560000000000006,7.24933055680423e-41
0.056580000000000005,7.872508460260572e-41
0.056600000000000004,8.618945999890998e-41
0.056620000000000004,6.657898878246046e-41
0.05664,6.953584617889643e-41
0.05666,6.701216832436765e-41
0.05668,5.030311152396043e-41
0.05670000000000001,5.998194692650729e-41
0.056720000000000007,6.727722591862468e-41
0.056740000000000006,6.502409193101585e-41
0.056760000000000005,7.521590879811436e-41
0.056780000000000004,5.369538419665148e-41
0.0568,5.5948611424e-41
0.05682,6.16310047814273e-41
0.05684,4.532884330175177e-41
0.05686000000000001,3.9109534734767965e-41
0.05688000000000001,4.639419777244345e-41
0.056900000000000006,4.484410962469654e-41
0.056920000000000005,3.426329817152332e-41
0.056940000000000004,4.4395786663373296e-41
0.056960000000000004,4.423303030970744e-41
0.05698,4.094199640272729e-41
0.057,5.567239076356869e-41
0.05702,5.611655225254643e-41
0.05704000000000001,4.393057999699587e-41
0.05706000000000001,3.673935319353951e-41
0.057080000000000006,4.155177819443255e-41
0.057100000000000005,3.64141541845789e-41
0.057120000000000004,2.872807384316766e-41
0.05714,3.0928588442665426e-41
0.05716,2.6989662763993095e-41
0.05718,2.491177383654498e-41
0.05720000000000001,3.135641210854929e-41
0.05722000000000001,3.311489799591782e-41
0.057240000000000006,3.2058403955600103e-41
0.057260000000000005,3.069580601163039e-41
0.057280000000000005,2.578147545686597e-41
0.057300000000000004,2.8335803163627233e-41
0.05732,3.365559892797111e-41
0.05734,2.804912639979128e-41
0.05736,2.546977005419487e-41
0.05738000000000001,2.501308698846479e-41
0.05740000000000001,2.4625356174635965e-41
0.057420000000000006,2.7149797878792743e-41
0.057440000000000005,2.35748400501898e-41
0.057460000000000004,1.772583315819697e-41
0.05748,2.0628226110623582e-41
0.0575,1.5518191421084708e-41
0.05752,1.9432554065868425e-41
0.05754000000000001,2.0086157308616957e-41
0.05756000000000001,2.0734563380081383e-41
0.057580000000000006,1.920855788550382e-41
0.057600000000000005,2.2185063411926477e-41
0.057620000000000005,1.6409390145621032e-41
0.057640000000000004,1.3256771516542064e-41
0.05766,1.319458104729686e-41
0.05768,1.7962277497935137e-41
0.0577,2.259764606684586e-41
0.05772000000000001,1.725329941223723e-41
0.05774000000000001,1.177812798061481e-41
0.057760000000000006,1.2151028366058678e-41
0.057780000000000005,1.250944219045219e-41
0.057800000000000004,1.2917203909009926e-41
0.05782,1.2127451765080854e-41
0.05784,1.179672616609619e-41
0.05786,1.1661713855633236e-41
0.05788000000000001,1.367038948014898e-41
0.05790000000000001,1.250949813484647e-41
0.057920000000000006,1.2486141540368426e-41
0.057940000000000005,1.1891621979285724e-41
0.057960000000000005,1.0909061657287509e-41
0.057980000000000004,9.606627850435178e-42
0.058,9.602635905639275e-42
0.05802,9.729636701801169e-42
0.05804,1.0286031058677449e-41
0.05806000000000001,8.780364502301055e-42
0.05808000000000001,7.106012411557766e-42
0.058100000000000006,9.733519795711382e-42
0.058120000000000005,7.28638764728468e-42
0.058140000000000004,5.353560843233701e-42
0.05816,5.1217328195469485e-42
0.05818,6.357974844488664e-42
0.0582,4.674464764902878e-42
0.05822000000000001,4.500766696582006e-42
0.05824000000000001,4.1798533829696796e-42
0.058260000000000006,3.5589314610947394e-42
0.058280000000000005,3.3228597145759566e-42
0.058300000000000005,2.914607774489273e-42
0.058320000000000004,4.06834205498861e-42
0.05834,4.891209316503521e-42
0.05836,3.203043293023129e-42
0.05838,2.918776079776085e-42
0.05840000000000001,2.6258708576886037e-42
0.05842000000000001,3.489534305845567e-42
0.058440000000000006,3.426684382834688e-42
0.058460000000000005,2.755725971847962e-42
0.058480000000000004,3.02659483322135e-42
0.0585,2.7719492964934487e-42
0.05852,2.4766566517283366e-42
0.05854,2.8273506780794538e-42
0.05856000000000001,2.223259245807753e-42
0.05858000000000001,1.90780760072441e-42
0.058600000000000006,2.1522688749390357e-42
0.058620000000000005,1.938024189443641e-42
0.058640000000000005,2.146009948346629e-42
0.058660000000000004,2.0015266941320466e-42
0.05868,1.413838445929211e-42
0.0587,1.8228044013604662e-42
0.05872,1.8498612153857335e-42
0.05874000000000001,1.756107287888123e-42
0.05876000000000001,1.2751339140462765e-42
0.058780000000000006,1.0374925002870717e-42
0.058800000000000005,1.1439385449675509e-42
0.058820000000000004,1.0806959917997832e-42
0.05884,1.0239907701119989e-42
0.05886,9.795231261980206e-43
0.05888,9.833585629994084e-43
0.05890000000000001,9.186391388368638e-43
0.05892000000000001,6.4721653678496264e-43
0.058940000000000006,6.4288341657456414e-43
0.058960000000000005,7.1358748666551625e-43
0.058980000000000005,6.5002190297434864e-43
0.059000000000000004,5.0136310833700085e-43
0.05902,4.4358799176124466e-43
0.05904,4.120423838101196e-43
0.05906,3.793906580302908e-43
0.05908000000000001,3.580793827029036e-43
0.05910000000000001,3.0494746602058512e-43
0.059120000000000006,2.3271727273743257e-43
0.059140000000000005,3.0235546651205733e-43
0.059160000000000004,3.0880443012980453e-43
0.05918,2.410893496461782e-43
0.0592,2.9023588698218496e-43
0.05922,2.5355976148508705e-43
0.05924000000000001,1.684156270297631e-43
0.05926000000000001,1.187735565656999e-43
0.059280000000000006,1.133333735440123e-43
0.059300000000000005,1.0963202935391745e-43
0.059320000000000005,1.1416963137466097e-43
0.059340000000000004,9.66869699178573e-44
0.05936,8.488067265425071e-44
0.05938,1.0084215269652287e-43
0.0594,8.59265260689136e-44
0.05942000000000001,6.192787030620598e-44
0.05944000000000001,5.643757662499244e-44
0.059460000000000006,4.672971090713703e-44
0.059480000000000005,4.378436203374187e-44
0.059500000000000004,2.4334897484982157e-44
0.05952,2.1229196495460197e-44
0.05954,2.460422836649724e-44
0.05956,2.7314608504666853e-44
0.05958000000000001,2.141036268152758e-44
0.05960000000000001,1.9490579304733835e-44
0.059620000000000006,1.3786099676586843e-44
0.059640000000000006,7.017911151738171e-45
0.059660000000000005,8.005816874540707e-45
0.059680000000000004,6.113758988770386e-45
0.0597,3.3362927587637415e-45
0.05972,2.3082172122210993e-45
0.05974,1.6020356242227e-45
0.05976000000000001,8.423363418969422e-46
0.05978000000000001,6.832571120794835e-46
0.059800000000000006,4.071626713631562e-46
0.059820000000000005,2.0732465511601473e-46
0.059840000000000004,8.93303881695257e-47
0.059860000000000003,2.3320943666781804e-47
0.05988,1.3374280649280035e-47
0.0599,3.8297662724358026e-47
0.05992000000000001,1.0329075271349913e-46
0.05994000000000001,1.6039009082151728e-46
0.059960000000000006,1.7252099043769249e-46
0.059980000000000006,1.8965298401030017e-46
0.060000000000000005,2.1129086572743263e-46
0.060020000000000004,2.0364359377300356e-46
0.06004,1.497000065747237e-46
0.06006,1.2195668394877785e-46
0.06008,1.1269323134783675e-46
0.06010000000000001,6.707288065453506e-47
0.06012000000000001,3.9717276254543586e-47
0.060140000000000006,1.85423132681542e-47
0.060160000000000005,1.8398930063601347e-47
0.060180000000000004,7.321220738373179e-47
0.060200000000000004,1.764075994607689e-46
0.06022,3.63055742708237e-46
0.06024,6.206318824366067e-46
0.06026000000000001,8.395580757060439e-46
0.06028000000000001,9.105611659672705e-46
0.060300000000000006,1.6618806088568655e-45
0.060320000000000006,3.703718613635213e-45
0.060340000000000005,4.522528943586261e-45
0.060360000000000004,4.9237044944723746e-45
0.06038,6.280911376867846e-45
0.0604,1.0915683932498382e-44
0.06042,1.1948878055335326e-44
0.06044000000000001,1.8228414635129334e-44
0.06046000000000001,1.9271033975414563e-44
0.060480000000000006,2.7588146933190334e-44
0.060500000000000005,3.684123692366009e-44
0.060520000000000004,4.304922669184689e-44
0.060540000000000004,4.0446398879937417e-44
0.06056,4.702837404935435e-44
0.06058,6.131836695370419e-44
0.06060000000000001,6.892345553553247e-44
0.06062000000000001,7.31386152017596e-44
0.060640000000000006,6.573440280320314e-44
0.060660000000000006,9.375634414962144e-44
0.060680000000000005,9.767946178416164e-44
0.060700000000000004,1.1014198792246556e-43
0.06072,1.450076375653941e-43
0.06074,1.3506747340130505e-43
0.06076,1.6679107703443078e-43
0.06078000000000001,2.063732302565776e-43
0.06080000000000001,2.4080054143855234e-43
0.060820000000000006,2.254403434647248e-43
0.060840000000000005,2.389001062096015e-43
0.060860000000000004,2.0650070313647117e-43
0.060880000000000004,2.433239325671393e-43
0.0609,3.5733270879846813e-43
0.06092,4.156194021951819e-43
0.06094000000000001,4.035818733254966e-43
0.06096000000000001,3.2122196006935025e-43
0.060980000000000006,5.264286282576204e-43
0.061000000000000006,5.974442552189595e-43
0.061020000000000005,5.609329173251337e-43
0.061040000000000004,5.940090647287211e-43
0.06106,5.989970098461079e-43
0.06108,6.272985781863477e-43
0.0611,7.087154272313033e-43
0.06112000000000001,9.487215375130541e-43
0.06114000000000001,8.331250315373126e-43
0.061160000000000006,8.25350846661068e-43
0.061180000000000005,9.834149379415663e-43
0.061200000000000004,9.647698078738867e-43
0.061220000000000004,1.2935345745670031e-42
0.06124,1.3208613087426133e-42
0.06126,1.080961288745146e-42
0.06128000000000001,1.152836211120798e-42
0.06130000000000001,1.3745431418880038e-42
0.061320000000000006,1.3440305221856692e-42
0.061340000000000006,1.6822307999261907e-42
0.061360000000000005,1.6017835409997498e-42
0.061380000000000004,1.6030880388722202e-42
0.0614,1.763942560876103e-42
0.06142,1.655384344595313e-42
0.06144000000000001,1.8003494808430992e-42
0.06146000000000001,2.1937122557396603e-42
0.06148000000000001,2.4045304060850294e-42
0.061500000000000006,2.4075139409648817e-42
0.061520000000000005,2.4582724949104938e-42
0.061540000000000004,2.361377633875349e-42
0.061560000000000004,2.708225259028088e-42
0.06158,3.192199639364768e-42
0.0616,2.923352173517716e-42
0.06162000000000001,2.9599891931299427e-42
0.06164000000000001,3.474277671304111e-42
0.061660000000000006,3.357571480800254e-42
0.061680000000000006,4.399709379050323e-42
0.061700000000000005,5.89246488933193e-42
0.061720000000000004,6.093913682940684e-42
0.06174,4.312941457273724e-42
0.06176,4.2264117132993174e-42
0.06178000000000001,4.711863117681964e-42
0.06180000000000001,4.070180672463197e-42
0.06182000000000001,4.3214692023446746e-42
0.061840000000000006,5.2799343251488536e-42
0.061860000000000005,4.9626105402964405e-42
0.061880000000000004,5.293370495141693e-42
0.061900000000000004,6.413310905093577e-42
0.06192,6.95548900618726e-42
0.06194,6.707140947574654e-42
0.06196000000000001,4.443453265012753e-42
0.06198000000000001,5.423004876587832e-42
0.062000000000000006,6.802878685649275e-42
0.062020000000000006,8.726295433323719e-42
0.062040000000000005,8.081219194730947e-42
0.062060000000000004,7.759017332435192e-42
0.06208,8.115116817557578e-42
0.0621,8.610013120503045e-42
0.06212000000000001,8.215366720297008e-42
0.06214000000000001,1.1315816366409537e-41
0.06216000000000001,1.163264051318164e-41
0.062180000000000006,9.122455281366994e-42
0.062200000000000005,1.175686371931747e-41
0.062220000000000004,1.4522203280883373e-41
0.062240000000000004,1.3999062537984007e-41
0.06226,1.107687374889241e-41
0.06228,1.153487814703264e-41
0.06230000000000001,1.366431217160187e-41
0.06232000000000001,1.406173099761554e-41
0.062340000000000007,1.7122437802021426e-41
0.062360000000000006,1.8275641002888349e-41
0.062380000000000005,1.5823845065425522e-41
0.062400000000000004,1.5139768534912495e-41
0.06242,1.842509844610088e-41
0.06244,1.3729030573070882e-41
0.06246000000000001,1.4743986678549556e-41
0.06248000000000001,1.5996959761548362e-41
0.0625,1.3379752640340466e-41
0.06252,2.4582916723353194e-41
0.06254,2.3414323654909223e-41
0.06256,2.0733458875078154e-41
0.06258000000000001,2.163386459463681e-41
0.0626,2.2213608754832236e-41
0.06262000000000001,2.1400147483092188e-41
0.06264,1.9758624550204556e-41
0.06266000000000001,2.4164231586611186e-41
0.06268,2.71197039204511e-41
0.0627,2.6721505283205683e-41
0.06272000000000001,2.1413087499013604e-41
0.06274,1.8793545094717025e-41
0.06276000000000001,2.6100356755642173e-41
0.06278,2.8173364339909365e-41
0.06280000000000001,2.874851380548259e-41
0.06282,3.3494771471993903e-41
0.06284000000000001,2.877366122563985e-41
0.06286,3.3157986222849924e-41
0.06288,3.517508530254849e-41
0.06290000000000001,4.116427772047963e-41
0.06292,4.5042100852196597e-41
0.06294000000000001,3.8396066596431136e-41
0.06296,3.411694631513875e-41
0.06298000000000001,3.9071196168886734e-41
0.063,2.848949929857601e-41
0.06302,3.8186020116580064e-41
0.06304,5.498531483937119e-41
0.06306,3.7393868744783765e-41
0.06308000000000001,4.145080884230101e-41
0.0631,5.428106950970918e-41
0.06312000000000001,4.5826761774009597e-41
0.06314,4.1442398850166757e-41
0.06316000000000001,4.215687349139078e-41
0.06318,4.552447106506474e-41
0.0632,4.800042901837074e-41
0.06322,5.803274513162141e-41
0.06324,5.77972497347274e-41
0.06326000000000001,4.306363781604548e-41
0.06328,4.50293694795764e-41
0.06330000000000001,6.889421650550553e-41
0.06332,6.326521874675569e-41
0.06334000000000001,5.939657548745889e-41
0.06336,5.302003164412959e-41
0.06338,4.621422349159585e-41
0.06340000000000001,5.253343182101558e-41
0.06342,6.886288643181346e-41
0.06344000000000001,7.357255078563903e-41
0.06346,6.512791868054555e-41
0.06348000000000001,6.435161495122998e-41
0.0635,5.711870211159805e-41
0.06352000000000001,4.671366159384617e-41
0.06354,5.261804634451961e-41
0.06356,6.753836066442182e-41
0.06358000000000001,7.424466696293238e-41
0.0636,7.379117695613703e-41
0.06362000000000001,8.299477153940331e-41
0.06364,9.688452607037285e-41
0.06366000000000001,1.074920435467709e-40
0.06368,8.342365363830508e-41
0.0637,8.192942400942172e-41
0.06372,7.210824427305317e-41
0.06374,8.917169005930136e-41
0.06376000000000001,7.53376148089664e-41
0.06378,8.95800895206256e-41
0.06380000000000001,9.981809044082086e-41
0.06382,1.0007780707483064e-40
0.06384000000000001,1.2679173485383468e-40
0.06386,1.037946265194348e-40
0.06388,8.5718968426717e-41
0.0639,1.073922775138103e-40
0.06392,1.02718724464616e-40
0.06394000000000001,9.258326879933244e-41
0.06396,1.0525128846853262e-40
0.06398000000000001,1.1913273945272053e-40
0.064,1.2550849286325423e-40
0.06402000000000001,1.2513564856143337e-40
0.06404,1.24138581817353e-40
0.06406,1.1912681801885322e-40
0.06408000000000001,1.0595377037153667e-40
0.0641,1.1974043446209297e-40
0.06412000000000001,9.683676478927911e-41
0.06414,1.075549091267898e-40
0.06416000000000001,1.3678908520182295e-40
0.06418,1.5724844069449585e-40
0.06420000000000001,1.7786338937941787e-40
0.06422,1.3626552260696321e-40
0.06424,1.327865207751126e-40
0.06426000000000001,1.6608017255586426e-40
0.06428,1.3889415586201774e-40
0.06430000000000001,1.1244469474873897e-40
0.06432,1.4540811122975794e-40
0.06434000000000001,1.4199542118625366e-40
0.06436,1.2874454866500476e-40
0.06438,1.336881870797418e-40
0.0644,1.2936529513456765e-40
0.06442,1.7223152012439178e-40
0.06444000000000001,1.4534073022141566e-40
0.06446,1.3133972199885348e-40
0.06448000000000001,1.2870190987967011e-40
0.0645,1.5269204178433427e-40
0.06452000000000001,1.8459262830270785e-40
0.06454,1.9199627560121786e-40
0.06456,1.958585654262251e-40
0.06458,1.7473484055945512e-40
0.0646,1.7963247468052784e-40
0.06462000000000001,1.5917469387374357e-40
0.06464,1.843094451288155e-40
0.06466000000000001,2.570223163290328e-40
0.06468,2.374180425318306e-40
0.06470000000000001,1.9682550971779434e-40
0.06472,2.0966328238587967e-40
0.06474,1.6769808810084985e-40
0.06476000000000001,1.5698848332161148e-40
0.06478,2.1949192267412787e-40
0.06480000000000001,2.7733080895488836e-40
0.06482,2.4505299038386025e-40
0.06484000000000001,1.8317234512385093e-40
0.06486,1.8376382340831866e-40
0.06488000000000001,2.0149149617901156e-40
0.0649,2.422411300582432e-40
0.06492,2.5392551699456433e-40
0.06494000000000001,2.7442258915036457e-40
0.06496,3.1156103695552065e-40
0.06498000000000001,2.226042387855462e-40
0.065,2.2358267911665933e-40
0.06502000000000001,2.7074339356218954e-40
0.06504,2.95917114676265e-40
0.06506,2.483570914975067e-40
0.06508,2.318470922599531e-40
0.0651,2.3035293999917796e-40
0.06512000000000001,2.540345449021214e-40
0.06514,2.232154680199823e-40
0.06516000000000001,2.0948616442677854e-40
0.06518,2.4647114472417996e-40
0.06520000000000001,3.011321078660844e-40
0.06522,3.0507047765599933e-40
0.06524,2.4701444191922037e-40
0.06526,2.1898617188527136e-40
0.06528,2.8604946999720437e-40
0.06530000000000001,3.3733590776073195e-40
0.06532,3.064947501918398e-40
0.06534000000000001,3.2774993544885972e-40
0.06536,3.334224630005105e-40
0.06538000000000001,2.849813012976122e-40
0.0654,3.417667389305639e-40
0.06542,4.028754567554022e-40
0.06544000000000001,3.876537538385402e-40
0.06546,3.3640168526330782e-40
0.06548000000000001,3.22762135669037e-40
0.0655,3.064305375075276e-40
0.06552000000000001,2.966505436181903e-40
0.06554,3.689897861654916e-40
0.06556000000000001,3.693395182059522e-40
0.06558,4.405239209081872e-40
0.0656,3.64725829059552e-40
0.06562000000000001,3.32005345040271e-40
0.06564,3.812942484412766e-40
0.06566000000000001,3.87774901564415e-40
0.06568,3.1431730600772533e-40
0.06570000000000001,3.768811226512685e-40
0.06572,4.5359127811491885e-40
0.06574,4.108664300392421e-40
0.06576,4.864552961141248e-40
0.06578,4.164805458699626e-40
0.06580000000000001,3.0515642360045997e-40
0.06582,3.3132516499946085e-40
0.06584000000000001,4.194813904253616e-40
0.06586,4.0085564032284105e-40
0.06588000000000001,3.721494366742386e-40
0.0659,5.005678892638566e-40
0.06592,5.281397129257204e-40
0.06594,5.039692228137863e-40
0.06596,4.033791495575731e-40
0.06598000000000001,4.122614869444582e-40
0.066,4.334324047807605e-40
0.06602000000000001,5.161530375970733e-40
0.06604,5.1800791413654185e-40
0.06606000000000001,5.637302856481449e-40
0.06608,5.51451671988364e-40
0.0661,4.782652920377703e-40
0.06612000000000001,5.499225337304494e-40
0.06614,5.725893918239064e-40
0.06616000000000001,4.698921643979084e-40
0.06618,4.074464945497207e-40
0.06620000000000001,4.987946289722959e-40
0.06622,5.4109784382101385e-40
0.06624000000000001,5.6012897305896315e-40
0.06626,4.923557150430794e-40
0.06628,7.11720087645774e-40
0.06630000000000001,7.771364566767481e-40
0.06632,5.583606832558286e-40
0.06634000000000001,5.0810160277360814e-40
0.06636,4.408835108857234e-40
0.06638000000000001,4.9482026800209115e-40
0.0664,6.186775972687979e-40
0.06642,6.4736676103588095e-40
0.06644,5.294205258638919e-40
0.06646,5.770065139709021e-40
0.06648000000000001,6.290903830445352e-40
0.0665,5.644268203175372e-40
0.06652000000000001,7.457406766225595e-40
0.06654,7.441058991102857e-40
0.06656000000000001,6.0768094804429314e-40
0.06658,6.90547283280086e-40
0.0666,7.846496476046013e-40
0.06662,5.700784212004451e-40
0.06664,4.7943698174310045e-40
0.06666000000000001,6.4377609919118995e-40
0.06668,9.124705879975743e-40
0.06670000000000001,6.484189918643731e-40
0.06672,4.787201343861247e-40
0.06674000000000001,5.7150313555210505e-40
0.06676,5.7603268888984154e-40
0.06678,6.9541999703723996e-40
0.06680000000000001,7.409637292679015e-40
0.06682,6.048970160678273e-40
0.06684000000000001,6.555301859429803e-40
0.06686,6.6008569014045265e-40
0.06688000000000001,7.55867434410533e-40
0.0669,6.549702695401827e-40
0.06692000000000001,5.516325303900118e-40
0.06694,7.435401871425266e-40
0.06696,7.725097013185821e-40
0.06698000000000001,6.501904601034665e-40
0.067,7.68109361891835e-40
0.06702000000000001,7.539449734524382e-40
0.06704,8.16859963833483e-40
0.06706000000000001,8.247651275206265e-40
0.06708,7.617070875219794e-40
0.0671,6.6163007158857875e-40
0.06712,7.692798956905666e-40
0.06714,8.571584567745791e-40
0.06716000000000001,1.0643120294476242e-39
0.06718,1.0998600724969783e-39
0.06720000000000001,9.339711502642876e-40
0.06722,6.4867184285019544e-40
0.06724000000000001,8.697705804618209e-40
0.06726,8.413979471568995e-40
0.06728,9.087902596153488e-40
0.0673,6.849533436021063e-40
0.06732,7.2601212137473346e-40
0.06734000000000001,8.529383372964906e-40
0.06736,8.534857277725968e-40
0.06738000000000001,7.225137320000027e-40
0.0674,1.0436803730964309e-39
0.06742000000000001,9.94870877363919e-40
0.06744,7.894281332799507e-40
0.06746,8.449858934456556e-40
0.06748000000000001,8.98107147192592e-40
0.0675,9.804626103775458e-40
0.06752000000000001,7.592624491979496e-40
0.06754,9.11550984125979e-40
0.06756000000000001,1.113440594408786e-39
0.06758,9.976143224136862e-40
0.06760000000000001,9.145732113422881e-40
0.06762,8.702154770141353e-40
0.06764,1.1806877304392843e-39
0.06766000000000001,1.0503249465100096e-39
0.06768,1.0835431153699167e-39
0.06770000000000001,1.2151973321108967e-39
0.06772,1.0762623653973063e-39
0.06774000000000001,9.354082481417474e-40
0.06776,8.245019534163027e-40
0.06778,7.91419636399856e-40
0.0678,8.747852630018946e-40
0.06782,1.0017853843106266e-39
0.06784000000000001,9.179108195551796e-40
0.06786,1.0708115288e-39
0.06788000000000001,1.1743418607203734e-39
0.0679,9.841835217804172e-40
0.06792000000000001,8.471046078041678e-40
0.06794,8.662392545033305e-40
0.06796,1.2364016606523668e-39
0.06798,1.2605122913995284e-39
0.068,1.023884238118716e-39
0.06802000000000001,1.0767440331537054e-39
0.06804,1.0704632217362273e-39
0.06806000000000001,1.1455613100828611e-39
0.06808,9.583028353377926e-40
0.06810000000000001,1.3765236733760219e-39
0.06812,1.4441594259404825e-39
0.06814,1.2091384951339334e-39
0.06816000000000001,7.513185470085015e-40
0.06818,7.989730542381149e-40
0.06820000000000001,1.1240009814816912e-39
0.06822,1.2145555196188477e-39
0.06824000000000001,1.0258235410939397e-39
0.06826,1.137710848237553e-39
0.06828000000000001,1.3502638773620306e-39
0.0683,1.339944158239525e-39
0.06832,1.2559262619422665e-39
0.06834000000000001,1.0915679103287514e-39
0.06836,1.0640446505593764e-39
0.06838000000000001,1.4562896864296722e-39
0.0684,1.4011707695833243e-39
0.06842000000000001,1.577237944843708e-39
0.06844,1.3882425311282922e-39
0.06846000000000001,1.060972998259252e-39
0.06848,1.1695326634918603e-39
0.0685,1.5144425348548666e-39
0.06852000000000001,1.9347158440266943e-39
0.06854,2.0766845562782127e-39
0.06856000000000001,1.5864132229976486e-39
0.06858,1.4193827506491401e-39
0.06860000000000001,1.2924764883130296e-39
0.06862,1.2403549409425873e-39
0.06864,1.1139174979608084e-39
0.06866,1.1451870648715893e-39
0.06868,1.3458653201366687e-39
0.06870000000000001,1.8498213727244732e-39
0.06872,1.925725020271701e-39
0.06874000000000001,1.6458486248374054e-39
0.06876,1.570552250206185e-39
0.06878000000000001,1.635588050045617e-39
0.0688,1.7508800832786368e-39
0.06882,1.2847046928431994e-39
0.06884000000000001,1.1171602736226161e-39
0.06886,1.4653387767281998e-39
0.06888000000000001,1.6809860520812425e-39
0.0689,1.4552506817198247e-39
0.06892000000000001,1.5898228303749746e-39
0.06894,1.7693869829868523e-39
0.06896000000000001,1.306300049283878e-39
0.06898,1.288650330081687e-39
0.069,1.4753050863365898e-39
0.06902000000000001,1.470545777799205e-39
0.06904,1.7973909525124466e-39
0.06906000000000001,1.7058920477659668e-39
0.06908,1.5622211631730965e-39
0.06910000000000001,1.4748010328239182e-39
0.06912,1.7904979220430767e-39
0.06914000000000001,1.734314356124826e-39
0.06916,1.4126503789280403e-39
0.06918,1.769375918676966e-39
0.06920000000000001,1.6304552057257374e-39
0.06922,1.2230750040813435e-39
0.06924000000000001,1.4546550907323845e-39
0.06926,1.5660487955283696e-39
0.06928000000000001,1.4820000681145194e-39
0.0693,1.6572088616524168e-39
0.06932,1.2876461845595559e-39
0.06934,1.4253312724680863e-39
0.06936,2.073636523919184e-39
0.06938000000000001,1.8869834481586648e-39
0.0694,1.7175335680976437e-39
0.06942000000000001,2.0712050243342367e-39
0.06944,2.0663177945661127e-39
0.06946000000000001,1.7251973479124672e-39
0.06948,1.7562869024478308e-39
0.0695,1.6149437926430704e-39
0.06952000000000001,1.8288422246912535e-39
0.06954,2.1848325281174553e-39
0.06956000000000001,1.864281607932917e-39
0.06958,1.7624949013608365e-39
0.06960000000000001,1.6281842913775575e-39
0.06962,1.8650474796484795e-39
0.06964000000000001,1.804484539668834e-39
0.06966,1.6465120530957014e-39
0.06968,1.8834222598317113e-39
0.06970000000000001,2.1906671989927202e-39
0.06972,1.9558939207171838e-39
0.06974000000000001,1.946670977243976e-39
0.06976,2.0557083575257674e-39
0.06978000000000001,1.7810178464885878e-39
0.0698,1.6959958658761213e-39
0.06982000000000001,2.221175473110143e-39
0.06984,2.3656915524571778e-39
0.06986,2.185009466587313e-39
0.06988000000000001,2.0025593958280855e-39
0.0699,1.832476378900313e-39
0.06992000000000001,1.918571355394359e-39
0.06994,1.9177997102505e-39
0.06996000000000001,2.0514411433606997e-39
0.06998,1.473673336506257e-39
0.07,1.4319542367235203e-39
0.07002,1.9134332381779117e-39
0.07004,1.8592157719240865e-39
0.07006000000000001,1.3813828345008337e-39
0.07008,1.410853578037415e-39
0.07010000000000001,1.606828853369777e-39
0.07012,1.6703331018003375e-39
0.07014000000000001,1.9823478752384497e-39
0.07016,2.2086072784668565e-39
0.07018,2.417672348246014e-39
0.07020000000000001,1.851291367780495e-39
0.07022,2.5916861280282384e-39
0.07024000000000001,2.637621893752611e-39
0.07026,2.1089321967164065e-39
0.07028000000000001,1.9727029962907128e-39
0.0703,1.8160311634951397e-39
0.07032000000000001,1.7434834992162425e-39
0.07034,2.0352021944838525e-39
0.07036,2.3821051000261722e-39
0.07038000000000001,2.1758259569122283e-39
0.0704,2.363255100958868e-39
0.07042000000000001,2.0139948448518877e-39
0.07044,2.0709312360024273e-39
0.07046000000000001,1.8457233044052867e-39
0.07048,1.956679465065064e-39
0.07050000000000001,2.3215228500106834e-39
0.07052,2.4999660318271052e-39
0.07054,1.868083593726757e-39
0.07056000000000001,2.1856395514112645e-39
0.07058,2.6132658270927785e-39
0.07060000000000001,2.964984940813158e-39
0.07062,2.7934280648027304e-39
0.07064000000000001,2.941887541910276e-39
0.07066,2.766619032087402e-39
0.07068,2.132817450504001e-39
0.0707,1.766063890361916e-39
0.07072,2.3943620184417836e-39
0.07074000000000001,2.7256052532632987e-39
0.07076,2.3602471679391428e-39
0.07078000000000001,2.350708950007597e-39
0.0708,2.2880035548621193e-39
0.07082000000000001,3.334875684517438e-39
0.07084,3.061743492361031e-39
0.07086,2.6101116892025946e-39
0.07088000000000001,2.5202907215782294e-39
0.0709,2.4168691595192443e-39
0.07092000000000001,1.9039266345760002e-39
0.07094,2.074204372690647e-39
0.07096000000000001,2.359631550311125e-39
0.07098,2.473127859094028e-39
0.07100000000000001,2.5585707660433446e-39
0.07102,2.7215152268120746e-39
0.07104,3.275556427197425e-39
0.07106000000000001,4.090960674878634e-39
0.07108,3.3581921925786465e-39
0.07110000000000001,3.091567469370644e-39
0.07112,2.5290728309457054e-39
0.07114000000000001,2.8613966641798814e-39
0.07116,2.6356765999506543e-39
0.07118000000000001,3.196745754549806e-39
0.0712,3.168790104643041e-39
0.07122,2.843675073321349e-39
0.07124000000000001,2.6682117897645843e-39
0.07126,2.1560245716864855e-39
0.07128000000000001,2.1057959013747383e-39
0.0713,1.7280828075570066e-39
0.07132000000000001,2.2065177583727375e-39
0.07134,2.5097313383141954e-39
0.07136,2.348679676971166e-39
0.07138,2.1964978607249242e-39
0.0714,2.6066845343170006e-39
0.07142000000000001,3.106052183107403e-39
0.07144,2.7801502346019545e-39
0.07146000000000001,2.0335105537577427e-39
0.07148,1.903406845165575e-39
0.07150000000000001,1.9668776060747743e-39
0.07152,2.172143950777119e-39
0.07154,2.5382531140550793e-39
0.07156000000000001,2.955538681400997e-39
0.07158,2.7236589966849372e-39
0.07160000000000001,2.4456557773767266e-39
0.07162,2.6996295824952237e-39
0.07164000000000001,2.5139333211240397e-39
0.07166,2.6100653212372383e-39
0.07168000000000001,2.8805901290623783e-39
0.0717,3.223394682500292e-39
0.07172,2.7657435517094428e-39
0.07174000000000001,3.240029874823926e-39
0.07176,2.7949720722708954e-39
0.07178000000000001,3.438869087296438e-39
0.0718,3.820878669942037e-39
0.07182000000000001,2.9584562687915077e-39
0.07184,2.8954784192422615e-39
0.07186000000000001,2.7314893656036495e-39
0.07188,3.147298048380893e-39
0.0719,2.979695254484454e-39
0.07192000000000001,3.5485528961952526e-39
0.07194,4.193655957737042e-39
0.07196000000000001,3.3410135700750676e-39
0.07198,2.8146838631602987e-39
0.07200000000000001,2.736533457246943e-39
0.07202,2.6914292915240363e-39
0.07204,2.7747475552078736e-39
0.07206,2.2385155280361037e-39
0.07208,2.3783425001107457e-39
0.07210000000000001,3.165491225063256e-39
0.07212,3.359445593457799e-39
0.07214000000000001,2.848746853996351e-39
0.07216,3.111767336544418e-39
0.07218000000000001,3.0886399307591e-39
0.0722,3.026325524531011e-39
0.07222,2.5632248538488932e-39
0.07224000000000001,2.6892003215400404e-39
0.07226,2.4390326386195296e-39
0.07228000000000001,2.2884850318495738e-39
0.0723,2.674653601761233e-39
0.07232000000000001,2.6225973194415513e-39
0.07234,3.071157017994612e-39
0.07236000000000001,2.433552169679454e-39
0.07238,2.2695716465268517e-39
0.0724,3.23429753318597e-39
0.07242000000000001,2.4487033958541028e-39
0.07244,2.308149079139336e-39
0.07246000000000001,2.467116522275905e-39
0.07248,2.772339070104127e-39
0.07250000000000001,2.558097649107769e-39
0.07252,2.5518563306383564e-39
0.07254000000000001,2.5953806146522585e-39
0.07256,2.3789824438647747e-39
0.07258,3.430319523649235e-39
0.07260000000000001,3.5446968740087084e-39
0.07262,3.593630514192731e-39
0.07264000000000001,2.9257552844195864e-39
0.07266,3.2309486304314867e-39
0.07268000000000001,3.3318456843523185e-39
0.0727,3.195238380865956e-39
0.07272,4.200708433589695e-39
0.07274,3.261039167186925e-39
0.07276,2.2646452467063584e-39
0.07278000000000001,2.1975431867850848e-39
0.0728,2.7892948699560954e-39
0.07282000000000001,3.023786373154257e-39
0.07284,3.099739204136325e-39
0.07286000000000001,3.6024848481693634e-39
0.07288,3.5832380173360447e-39
0.0729,3.315704781435946e-39
0.07292000000000001,3.175803862557131e-39
0.07294,2.6123255593116616e-39
0.07296000000000001,2.7746309930609207e-39
0.07298,3.621778252548665e-39
0.07300000000000001,3.5521375152224793e-39
0.07302,2.977330516012812e-39
0.07304000000000001,3.402890793818385e-39
0.07306,3.996963717113856e-39
0.07308,3.858876167834419e-39
0.07310000000000001,3.328028103641881e-39
0.07312,2.632936184772148e-39
0.07314000000000001,2.2905411970333482e-39
0.07316,2.6122391853433513e-39
0.07318000000000001,2.973596964110798e-39
0.0732,3.2189894736618893e-39
0.07322000000000001,4.208738643929354e-39
0.07324,4.000579389804746e-39
0.07326,3.642993167623722e-39
0.07328000000000001,2.9516223298383434e-39
0.0733,2.664355053036299e-39
0.07332000000000001,3.3048191539947874e-39
0.07334,3.5232176855263716e-39
0.07336000000000001,3.857932484945829e-39
0.07338,4.284142498103205e-39
0.0734,3.2606650071641686e-39
0.07342,3.735444508408234e-39
0.07344,3.3967728764560164e-39
0.07346000000000001,2.908621162132553e-39
0.07348,2.3821968401670013e-39
0.07350000000000001,3.5411143634732095e-39
0.07352,3.4469398712031946e-39
0.07354000000000001,3.4994637124079815e-39
0.07356,3.4153005889457096e-39
0.07358,2.5893828586425705e-39
0.07360000000000001,3.615785672641211e-39
0.07362,3.4827885462852755e-39
0.07364000000000001,3.646048668766783e-39
0.07366,3.4704699302711835e-39
0.07368000000000001,3.217964389667707e-39
0.0737,2.6430064771808472e-39
0.07372000000000001,2.592134643124656e-39
0.07374,2.588248096093802e-39
0.07376,2.986077702802414e-39
0.07378000000000001,2.5864676643228485e-39
0.0738,2.4228377201149194e-39
0.07382000000000001,3.466929167832201e-39
0.07384,4.1639498038129496e-39
0.07386000000000001,3.4051415738639095e-39
0.07388,2.6632228013664487e-39
0.07390000000000001,2.2680820798781887e-39
0.07392,2.445968411447877e-39
0.07394,2.907242214897079e-39
0.07396000000000001,2.9154865156542702e-39
0.07398,3.3990399620842735e-39
0.07400000000000001,4.1253989672743406e-39
0.07402,3.269295407793904e-39
0.07404000000000001,2.4742518231855718e-39
0.07406,2.9129739905110584e-39
0.07408000000000001,2.9098268879564722e-39
0.0741,2.7186784435480123e-39
0.07412,2.987578123418895e-39
0.07414000000000001,2.2774731626541066e-39
0.07416,3.2655939469724425e-39
0.07418000000000001,3.410983386609566e-39
0.0742,3.129082327494975e-39
0.07422000000000001,3.2461081940707404e-39
0.07424,3.526902816724037e-39
0.07426,3.4824900155178844e-39
0.07428000000000001,3.6783031531561836e-39
0.0743,2.5653989838108557e-39
0.07432000000000001,2.559343810051653e-39
0.07434,2.6640451587674894e-39
0.07436000000000001,2.6019506852961336e-39
0.07438,2.2376071432722162e-39
0.07440000000000001,2.675603040795982e-39
0.07442,2.352789192306569e-39
0.07444,2.6445437006897518e-39
0.07446000000000001,3.392691630111592e-39
0.07448,3.772972649451183e-39
0.07450000000000001,3.162344306133097e-39
0.07452,2.7517088342454132e-39
0.07454000000000001,3.322722396067884e-39
0.07456,3.917394588643873e-39
0.07458000000000001,3.25860340442845e-39
0.0746,2.991067296075146e-39
0.07462,3.478304655517965e-39
0.07464000000000001,3.892514622757109e-39
0.07466,3.389849733801542e-39
0.07468000000000001,3.288384087510786e-39
0.0747,2.9023678306218712e-39
0.07472000000000001,3.410157995561884e-39
0.07474,4.6814676702050965e-39
0.07476000000000001,4.912021414450345e-39
0.07478,4.441792171496255e-39
0.0748,3.27652106090659e-39
0.07482000000000001,4.031771661991642e-39
0.07484,4.156618597322342e-39
0.07486000000000001,3.160635777594906e-39
0.07488,3.1993442660359915e-39
0.07490000000000001,2.78223290914633e-39
0.07492,3.35435743250831e-39
0.07494,3.256277470940336e-39
0.07496000000000001,3.7518101392310684e-39
0.07498,3.0923055497193604e-39
0.07500000000000001,3.043235252018566e-39
0.07502,3.518410739837808e-39
0.07504000000000001,2.815136828669046e-39
0.07506,2.87366803441602e-39
0.07508000000000001,3.452790700870321e-39
0.0751,3.434031505604328e-39
0.07512,3.57601048377312e-39
0.07514000000000001,3.474268726983818e-39
0.07516,2.9937223485180487e-39
0.07518000000000001,2.996469473829771e-39
0.0752,2.7320778110853388e-39
0.07522000000000001,3.6204163977888835e-39
0.07524,4.112326964877211e-39
0.07526000000000001,3.4128138121590954e-39
0.07528,2.495479065971859e-39
0.0753,2.2179556249822805e-39
0.07532000000000001,2.7383980960111346e-39
0.07534,3.3360669204252456e-39
0.07536000000000001,3.455658901501606e-39
0.07538,2.7587562777840898e-39
0.07540000000000001,3.377187417696223e-39
0.07542,3.122712566768182e-39
0.07544000000000001,2.9126882840757632e-39
0.07546,3.4021570452177154e-39
0.07548,3.496611004052945e-39
0.07550000000000001,2.993045288518013e-39
0.07552,2.951210641771094e-39
0.07554000000000001,3.31014461163907e-39
0.07556,3.2505467031540626e-39
0.07558000000000001,3.4179396588878315e-39
0.0756,3.038256720694713e-39
0.07562,2.6995376774456916e-39
0.07564000000000001,3.66270618180735e-39
0.07566,3.73731362442759e-39
0.07568000000000001,3.5546581592297574e-39
0.0757,3.229885487975479e-39
0.07572000000000001,3.2919587123275495e-39
0.07574,3.198710106472793e-39
0.07576000000000001,2.2765138930367833e-39
0.07578,2.109173222407633e-39
0.0758,2.2776265554576123e-39
0.07582000000000001,2.4852034751138388e-39
0.07584,2.7985283296821852e-39
0.07586000000000001,3.3578301433171396e-39
0.07588,3.189539953851666e-39
0.07590000000000001,3.0217923667095636e-39
0.07592,2.5514516033124083e-39
0.07594000000000001,2.828400518137803e-39
0.07596,2.8735954318404034e-39
0.07598,2.6762513144683376e-39
0.07600000000000001,2.891761251985292e-39
0.07602,2.7548826330554152e-39
0.07604000000000001,2.646461940333336e-39
0.07606,2.3229007230991264e-39
0.07608000000000001,2.9475423170373e-39
0.0761,2.9060341911845664e-39
0.07612000000000001,2.8126129690040927e-39
0.07614,3.093878783938553e-39
0.07616,3.993204290296272e-39
0.07618000000000001,3.0165832749276877e-39
0.0762,1.4948721918323585e-39
0.07622000000000001,2.4076464462079653e-39
0.07624,3.155382143772797e-39
0.07626000000000001,3.1154129732250155e-39
0.07628,2.3417244056573502e-39
0.0763,2.093704446325372e-39
0.07632000000000001,3.22524239167522e-39
0.07634,3.612016179875153e-39
0.07636000000000001,3.740902774149773e-39
0.07638,3.566540233925028e-39
0.07640000000000001,3.335202638791174e-39
0.07642,3.405923400961555e-39
0.07644000000000001,3.3006161199777347e-39
0.07646,3.606936515198018e-39
0.07648,2.8932890378564395e-39
0.07650000000000001,3.501741222842303e-39
0.07652,4.05640850065658e-39
0.07654000000000001,3.306659452451702e-39
0.07656,3.360203720468575e-39
0.07658000000000001,3.444692930839603e-39
0.0766,3.917735361085537e-39
0.07662000000000001,2.990600592952098e-39
0.07664,3.021014443306395e-39
0.07666,2.3091317382994867e-39
0.07668000000000001,2.3427667811964277e-39
0.0767,2.299401885255614e-39
0.07672000000000001,2.334286178940124e-39
0.07674,2.7096638390479575e-39
0.07676000000000001,3.428298105821876e-39
0.07678,3.688444534106747e-39
0.07680000000000001,3.0339592960962734e-39
0.07682,3.0499459093610327e-39
0.07684,2.7862755967530738e-39
0.07686000000000001,2.9577798786816015e-39
0.07688,3.052182095443374e-39
0.07690000000000001,3.1990038880060566e-39
0.07692,3.399066187658566e-39
0.07694000000000001,3.863788442921118e-39
0.07696,2.8844125098089847e-39
0.07698,2.865782256966603e-39
0.07700000000000001,3.162805979904978e-39
0.07702,3.819126734659742e-39
0.07704000000000001,3.7788038845700985e-39
0.07706,3.409148253310218e-39
0.07708000000000001,3.9395891059015746e-39
0.0771,4.159479812466186e-39
0.07712000000000001,3.2322326130161957e-39
0.07714,2.5143991168298146e-39
0.07716,2.3390745082894626e-39
0.07718000000000001,2.7555721874576345e-39
0.0772,2.8807911933736704e-39
0.07722000000000001,2.5877652047269638e-39
0.07724,2.7077834261619913e-39
0.07726000000000001,3.42146358030687e-39
0.07728,4.2022042454617924e-39
0.07730000000000001,2.961499165378262e-39
0.07732,2.9650527125565265e-39
0.07734,3.253380999378931e-39
0.07736000000000001,3.120546567560789e-39
0.07738,2.813424673171204e-39
0.07740000000000001,3.559879405343929e-39
0.07742,3.7014984543945235e-39
0.07744000000000001,3.049317856950794e-39
0.07746,3.083384531875371e-39
0.07748000000000001,3.128399508427655e-39
0.0775,2.5205548887708578e-39
0.07752,2.8428578832136406e-39
0.07754000000000001,2.552795604159205e-39
0.07756,2.8523798133108695e-39
0.07758000000000001,2.8207560268021803e-39
0.0776,2.5449938729607038e-39
0.07762000000000001,2.5138736480444924e-39
0.07764,2.89740286791823e-39
0.07766,2.5377227202590835e-39
0.07768000000000001,2.129551063635705e-39
0.0777,2.032606626633314e-39
0.07772000000000001,2.748982626497462e-39
0.07774,2.6624373690325635e-39
0.07776000000000001,2.2503506427607978e-39
0.07778,2.394378614772366e-39
0.07780000000000001,2.5479004895179795e-39
0.07782,2.6763694163891864e-39
0.07784,2.5658792264423368e-39
0.07786000000000001,2.8671929349356694e-39
0.07788,2.200198698168339e-39
0.07790000000000001,2.1226036751925086e-39
0.07792,2.4290974793450075e-39
0.07794000000000001,3.1392680889061157e-39
0.07796,2.6406174629707358e-39
0.07798000000000001,2.657955790094214e-39
0.078,3.206705660871103e-39
0.07802,2.850239255182881e-39
0.07804000000000001,2.600752202971997e-39
0.07806,2.2111211818047446e-39
0.07808000000000001,2.4862802542419002e-39
0.0781,2.4688571077528024e-39
0.07812000000000001,2.6527598943161585e-39
0.07814,3.209889667693896e-39
0.07816000000000001,2.6931309487620684e-39
0.07818,2.5702970766056855e-39
0.0782,2.400707232938349e-39
0.07822000000000001,2.391790545620978e-39
0.07824,2.0751442043485332e-39
0.07826000000000001,2.2448429112109038e-39
0.07828,2.2888299426034693e-39
0.07830000000000001,2.1148236386008623e-39
0.07832,1.8756021012228835e-39
0.07834,2.153211724676458e-39
0.07836000000000001,2.457497638783269e-39
0.07838,1.8220312927358493e-39
0.07840000000000001,2.4900126207229365e-39
0.07842,2.7365681966064502e-39
0.07844000000000001,3.178926391307602e-39
0.07846,2.9495846856104126e-39
0.07848000000000001,3.2506329073654715e-39
0.0785,3.293565667343833e-39
0.07852,2.5364503441167933e-39
0.07854000000000001,2.9278600915326433e-39
0.07856,2.3870130219893785e-39
0.07858000000000001,2.7148603730453928e-39
0.0786,2.1930832181145827e-39
0.07862000000000001,1.6281240362834838e-39
0.07864,2.0522011403289966e-39
0.07866000000000001,2.16100889601954e-39
0.07868,2.119697737523075e-39
0.0787,2.4353435279105087e-39
0.07872000000000001,2.5836529434862366e-39
0.07874,2.0269136004291462e-39
0.07876000000000001,2.059767342046663e-39
0.07878,2.154667289537617e-39
0.07880000000000001,1.9888929915695407e-39
0.07882,2.2958115192450912e-39
0.07884000000000001,2.6112292576022523e-39
0.07886,2.706961365432066e-39
0.07888,2.1156630153283268e-39
0.07890000000000001,2.71964275384758e-39
0.07892,2.284679784864703e-39
0.07894000000000001,2.0495306720818024e-39
0.07896,1.878950150513325e-39
0.07898000000000001,1.6773291263634754e-39
0.079,1.9136754985531558e-39
0.07902,2.221741063953612e-39
0.07904000000000001,2.5698180223677494e-39
0.07906,2.1441556081199773e-39
0.07908000000000001,1.898598777475805e-39
0.0791,2.284589841331134e-39
0.07912000000000001,2.5892686347631515e-39
0.07914,2.2100845583912384e-39
0.07916000000000001,1.914364940583348e-39
0.07918,2.2356585999927658e-39
0.0792,2.3339334023431e-39
0.07922000000000001,2.3748426871700378e-39
0.07924,2.32099420042039e-39
0.07926000000000001,2.167342577774639e-39
0.07928,2.0747260078019525e-39
0.07930000000000001,2.230265233653554e-39
0.07932,1.7553917042019276e-39
0.07934000000000001,1.6415710705123572e-39
0.07936,2.0345099645374668e-39
0.07938,2.1613192132180546e-39
0.07940000000000001,1.9972164321612356e-39
0.07942,2.195909678144374e-39
0.07944000000000001,2.4611614191065602e-39
0.07946,2.0031014733232788e-39
0.07948000000000001,1.9550274164747136e-39
0.0795,1.6582674082095314e-39
0.07952000000000001,1.1375406473112674e-39
0.07954,1.5140401114886508e-39
0.07956,1.7310452599424512e-39
0.07958000000000001,1.553234819703568e-39
0.0796,1.763758586528605e-39
0.07962000000000001,1.8545174187631303e-39
0.07964,1.5750493708673102e-39
0.07966000000000001,1.7837604520239972e-39
0.07968,1.8111536606228797e-39
0.07970000000000001,1.5411846368372928e-39
0.07972000000000001,1.6266921064230624e-39
0.07974,2.0302663824707956e-39
0.07976000000000001,1.8419953323675903e-39
0.07978,1.4603813897309532e-39
0.07980000000000001,1.499311218634124e-39
0.07982,1.6849230539652898e-39
0.07984000000000001,1.9635053136948282e-39
0.07986,1.912220811463018e-39
0.07988,1.8552714939060518e-39
0.07990000000000001,1.687245711394028e-39
0.07992,1.895584618971925e-39
0.07994000000000001,2.1015312036684916e-39
0.07996,1.6629901326145702e-39
0.07998000000000001,1.3800769974922855e-39
0.08,2.0444031121782685e-39
0.08002000000000001,1.554808360845565e-39
0.08004,1.3779613464801407e-39
0.08006,1.651261288451363e-39
0.08008000000000001,1.7106446773306514e-39
0.0801,1.679931172317961e-39
0.08012000000000001,2.21570533851584e-39
0.08014,1.8694551728558085e-39
0.08016000000000001,1.8503100304746598e-39
0.08018,1.5607637999916372e-39
0.08020000000000001,1.4734689084616913e-39
0.08022,1.627999287497814e-39
0.08024,1.491290756570348e-39
0.08026000000000001,1.8949460822790958e-39
0.08028,1.8770462767644717e-39
0.08030000000000001,1.7986987896437067e-39
0.08032,1.478673753703848e-39
0.08034000000000001,1.3196905632178123e-39
0.08036,1.1115477241817586e-39
0.08038000000000001,1.2234746625212599e-39
0.08040000000000001,1.5554725077058167e-39
0.08042,1.4529276746535111e-39
0.08044000000000001,9.770461734850904e-40
0.08046,1.1760880490246193e-39
0.08048000000000001,1.3020181472031878e-39
0.0805,1.5056826507920207e-39
0.08052000000000001,1.3930106094284122e-39
0.08054,1.5752904569894233e-39
0.08056,1.2591991609983043e-39
0.08058000000000001,1.3284794436534135e-39
0.0806,1.4215145086614527e-39
0.08062000000000001,1.6083491989094532e-39
0.08064,1.4318064308727729e-39
0.08066000000000001,1.3898059419738838e-39
0.08068,1.3160763285411003e-39
0.08070000000000001,1.4072758051126922e-39
0.08072,1.5158725509589466e-39
0.08074,1.395533908838823e-39
0.08076000000000001,1.4724177602232098e-39
0.08078,1.1947079263392422e-39
0.08080000000000001,1.107407940441821e-39
0.08082,1.561175857076996e-39
0.08084000000000001,1.4505054886942491e-39
0.08086,1.6637435085465264e-39
0.08088000000000001,1.34986805000618e-39
0.0809,1.4185542017790329e-39
0.08092,1.7088491851755207e-39
0.08094000000000001,1.5992091895174847e-39
0.08096,1.2471235124949869e-39
0.08098000000000001,1.272149462395364e-39
0.081,1.422112579149664e-39
0.08102000000000001,1.2548678608825657e-39
0.08104,1.052588675617607e-39
0.08106000000000001,9.208210670845388e-40
0.08108000000000001,1.0580764511847303e-39
0.0811,1.4161358832131213e-39
0.08112000000000001,1.3021661197388347e-39
0.08114,1.3262635083974763e-39
0.08116000000000001,1.5414119326083083e-39
0.08118,1.045708798943862e-39
0.08120000000000001,1.0462932333786014e-39
0.08122,1.3414023386734771e-39
0.08124,1.488508897253754e-39
0.08126000000000001,1.3120672831839237e-39
0.08128,9.355458450494615e-40
0.08130000000000001,1.033074194851304e-39
0.08132,1.3405912409229129e-39
0.08134000000000001,1.3340104519171398e-39
0.08136,1.1864376401784473e-39
0.08138000000000001,1.2437445518212426e-39
0.0814,8.208969062224305e-40
0.08142,1.1808028291473072e-39
0.08144000000000001,1.085180746052402e-39
0.08146,9.69569303912168e-40
0.08148000000000001,1.1681691012452509e-39
0.0815,1.534621656816186e-39
0.08152000000000001,1.400011837097348e-39
0.08154,1.1402103327777403e-39
0.08156000000000001,9.462356163540725e-40
0.08158,1.2617970278406877e-39
0.0816,1.320162793794616e-39
0.08162000000000001,1.0922476803954716e-39
0.08164,9.665430972439734e-40
0.08166000000000001,9.062678626962485e-40
0.08168,1.0461908389556502e-39
0.08170000000000001,9.095877871003511e-40
0.08172,1.0632395232460358e-39
0.08174000000000001,1.028116908210095e-39
0.08176000000000001,1.034781161773907e-39
0.08178,1.2115070672888203e-39
0.08180000000000001,1.274312047942818e-39
0.08182,7.526442495516824e-40
0.08184000000000001,8.889396921901264e-40
0.08186,7.911777630916913e-40
0.08188000000000001,7.110497662684154e-40
0.0819,9.062745293705519e-40
0.08192,7.477351409171235e-40
0.08194000000000001,1.047378597863889e-39
0.08196,1.1737355156020198e-39
0.08198000000000001,9.381251481491616e-40
0.082,9.08641382887364e-40
0.08202000000000001,8.360447853225672e-40
0.08204,1.018571370409594e-39
0.08206000000000001,9.559474744184259e-40
0.08208,9.602145951971223e-40
0.0821,8.454663940122182e-40
0.08212000000000001,1.0707932538336267e-39
0.08214,1.1015065882197337e-39
0.08216000000000001,1.2075992036005123e-39
0.08218,9.759042036419642e-40
0.08220000000000001,9.584592388706712e-40
0.08222,8.856472550475592e-40
0.08224000000000001,7.836529188473519e-40
0.08226000000000001,7.789435357653413e-40
0.08228,8.869549817473588e-40
0.08230000000000001,9.109375089510085e-40
0.08232,8.97900546736973e-40
0.08234000000000001,8.439327785843318e-40
0.08236,8.855308036017343e-40
0.08238000000000001,8.181766033029864e-40
0.0824,8.927045554930322e-40
0.08242000000000001,8.35502043805991e-40
0.08244000000000001,8.842336030188143e-40
0.08246,1.0068922569630041e-39
0.08248000000000001,8.474424290392948e-40
0.0825,6.444386079909129e-40
0.08252000000000001,6.823824811423198e-40
0.08254,8.792631207151085e-40
0.08256000000000001,9.473356715488062e-40
0.08258,1.0275947838480201e-39
0.0826,6.941247821046159e-40
0.08262000000000001,6.569080196989621e-40
0.08264,7.148886975126369e-40
0.08266000000000001,7.393786930348843e-40
0.08268,8.119164875024483e-40
0.08270000000000001,1.0263364329907082e-39
0.08272,1.0601070399094536e-39
0.08274000000000001,7.46199364953654e-40
0.08276,7.194088209306964e-40
0.08278,6.400239516697905e-40
0.08280000000000001,5.881687342489487e-40
0.08282,6.670266101478057e-40
0.08284000000000001,7.443794391294169e-40
0.08286,5.2810312063017865e-40
0.08288000000000001,5.3463902043534864e-40
0.0829,5.651936014626547e-40
0.08292000000000001,5.857915536191009e-40
0.08294000000000001,6.918316299100039e-40
0.08296,8.608640667578453e-40
0.08298000000000001,6.425190975837262e-40
0.083,5.8570868878836256e-40
0.08302000000000001,5.869300951028681e-40
0.08304,6.644250621088058e-40
0.08306000000000001,5.8237530616148e-40
0.08308,4.739124316988583e-40
0.08310000000000001,4.560848097312868e-40
0.08312000000000001,4.393683010103063e-40
0.08314,4.9553820900108035e-40
0.08316000000000001,4.130022594327724e-40
0.08318,3.509680627701693e-40
0.08320000000000001,5.380831899568566e-40
0.08322,6.3776694645131485e-40
0.08324000000000001,6.273066908951655e-40
0.08326,6.7517827032721244e-40
0.08328,5.353427039846745e-40
0.08330000000000001,5.497854217136154e-40
0.08332,5.035790673018697e-40
0.08334000000000001,4.889456805765113e-40
0.08336,4.605500775825266e-40
0.08338000000000001,5.988479276777651e-40
0.0834,5.386019597903972e-40
0.08342000000000001,6.723776630293674e-40
0.08344,7.884513839302338e-40
0.08346,6.560556823948484e-40
0.08348000000000001,4.820110759101991e-40
0.0835,4.84185633161085e-40
0.08352000000000001,5.632159975115406e-40
0.08354,4.904497936225982e-40
0.08356000000000001,4.8414880556691404e-40
0.08358,5.065934357176485e-40
0.08360000000000001,6.082983395276352e-40
0.08362000000000001,6.7239108154953084e-40
0.08364,5.5876019094902066e-40
0.08366000000000001,5.113068653568766e-40
0.08368,5.377708585889609e-40
0.08370000000000001,5.315627032723116e-40
0.08372,6.14031707939175e-40
0.08374000000000001,4.983410698753556e-40
0.08376,4.060206520218931e-40
0.08378000000000001,3.980191533406615e-40
0.08380000000000001,3.2694432454040184e-40
0.08382,3.6434228747336885e-40
0.08384000000000001,4.597248419800594e-40
0.08386,5.2021490953494444e-40
0.08388000000000001,4.568752248519759e-40
0.0839,4.3564944972763836e-40
0.08392000000000001,4.240475693478622e-40
0.08394,4.456026734004319e-40
0.08396,3.583392497576184e-40
0.08398000000000001,4.398369374419228e-40
0.084,4.254001920815241e-40
0.08402000000000001,3.188750374346106e-40
0.08404,2.695791554130477e-40
0.08406000000000001,3.6581849603618575e-40
0.08408,4.571961925072258e-40
0.08410000000000001,3.466792707809768e-40
0.08412,4.024688884419684e-40
0.08414,4.216090846779785e-40
0.08416000000000001,4.233853952276426e-40
0.08418,3.347794996341337e-40
0.08420000000000001,2.9501557603163256e-40
0.08422,3.4374054452766557e-40
0.08424000000000001,3.484457700702952e-40
0.08426,3.6698623620685563e-40
0.08428000000000001,3.3742158612945505e-40
0.08430000000000001,3.5004331896622805e-40
0.08432,3.706541140419871e-40
0.08434000000000001,3.804289885537134e-40
0.08436,4.148973173278036e-40
0.08438000000000001,4.3020442941272616e-40
0.0844,2.893555524264721e-40
0.08442000000000001,2.8031500530201456e-40
0.08444,4.309106071819134e-40
0.08446000000000001,3.8771637794384e-40
0.08448000000000001,2.9971626690978854e-40
0.0845,3.1029529721258317e-40
0.08452000000000001,3.1496901185717115e-40
0.08454,3.211681219561974e-40
0.08456000000000001,3.470937121793502e-40
0.08458,3.4061903792061963e-40
0.08460000000000001,3.1864970684468555e-40
0.08462,2.6230358721074467e-40
0.08464,2.4180867850623643e-40
0.08466000000000001,2.4554255847860404e-40
0.08468,2.3019646197769735e-40
0.08470000000000001,2.7040690762790857e-40
0.08472,2.8311564899498256e-40
0.08474000000000001,2.7843784349475763e-40
0.08476,2.3143617358771367e-40
0.08478000000000001,1.8178605189629619e-40
0.0848,2.4801418457700893e-40
0.08482,2.361544268421154e-40
0.08484000000000001,2.18247219013145e-40
0.08486,1.862865963299216e-40
0.08488000000000001,2.293288334049551e-40
0.0849,3.251648166110262e-40
0.08492000000000001,3.3537042505855656e-40
0.08494,2.873016345190518e-40
0.08496000000000001,2.1428537801360925e-40
0.08498000000000001,1.5621310352605828e-40
0.085,1.953716314714998e-40
0.08502000000000001,2.410008992563521e-40
0.08504,2.4658850240840163e-40
0.08506000000000001,2.8312474514870134e-40
0.08508,2.044730908222387e-40
0.08510000000000001,2.404960801689398e-40
0.08512,2.8400040188611293e-40
0.08514000000000001,2.40679333047861e-40
0.08516000000000001,3.2466840525189232e-40
0.08518,2.7503309714457287e-40
0.08520000000000001,2.6507909246505374e-40
0.08522,1.9744266769422925e-40
0.08524000000000001,1.740912626816992e-40
0.08526,1.588180834518188e-40
0.08528000000000001,1.703427380853643e-40
0.0853,2.108728963656055e-40
0.08532000000000001,1.7833735599349282e-40
0.08534000000000001,2.0927277127992855e-40
0.08536,1.910040678947311e-40
0.08538000000000001,1.7034313541378483e-40
0.0854,1.510395036990418e-40
0.08542000000000001,2.0806084352339004e-40
0.08544,1.557680047006019e-40
0.08546000000000001,1.3253915394378657e-40
0.08548,1.6392805751976908e-40
0.0855,1.8748527476084422e-40
0.08552000000000001,1.5847915374042584e-40
0.08554,1.4725048833253173e-40
0.08556000000000001,1.5583934391544048e-40
0.08558,1.5635854678714522e-40
0.08560000000000001,2.0122174399385843e-40
0.08562,1.993394867949408e-40
0.08564000000000001,1.6028515913141425e-40
0.08566000000000001,1.759593200924768e-40
0.08568,1.8203107878152106e-40
0.08570000000000001,1.6511507651418777e-40
0.08572,1.4355987371173692e-40
0.08574000000000001,1.6340098891599537e-40
0.08576,1.7481059536439786e-40
0.08578000000000001,1.719798713262103e-40
0.0858,1.6233929484576393e-40
0.08582000000000001,1.2285747531223e-40
0.08584000000000001,1.5083370582406197e-40
0.08586,1.838745007831293e-40
0.08588000000000001,1.6362050249783e-40
0.0859,1.6025602336878803e-40
0.08592000000000001,1.6186341934532473e-40
0.08594,1.5443620725835591e-40
0.08596000000000001,1.6479032686426229e-40
0.08598,1.6780386515852632e-40
0.08600000000000001,1.3814699410277723e-40
0.08602000000000001,1.346080903151778e-40
0.08604,1.2537069341552835e-40
0.08606000000000001,1.1081188813222855e-40
0.08608,1.0724152600179746e-40
0.08610000000000001,9.78307143140977e-41
0.08612,9.292582594668532e-41
0.08614000000000001,1.3271861272774275e-40
0.08616,1.0352650327646848e-40
0.08618,1.1684264157598677e-40
0.08620000000000001,1.2076997068708747e-40
0.08622,7.864296157926929e-41
0.08624000000000001,8.217623317990772e-41
0.08626,8.854369811555515e-41
0.08628000000000001,8.011490213358619e-41
0.0863,8.350633108279484e-41
0.08632000000000001,9.977667072765865e-41
0.08634000000000001,8.149755131853196e-41
0.08636,8.054060957260345e-41
0.08638000000000001,8.789474653060516e-41
0.0864,8.993749457367076e-41
0.08642000000000001,9.834166591898718e-41
0.08644,8.541970838057554e-41
0.08646000000000001,5.318463558069081e-41
0.08648,6.962079219947016e-41
0.08650000000000001,9.359819349951523e-41
0.08652000000000001,8.10953456227981e-41
0.08654,6.235705504226969e-41
0.08656000000000001,7.937679426335011e-41
0.08658,5.451849366625722e-41
0.08660000000000001,5.730451377907365e-41
0.08662,5.697681579387744e-41
0.08664000000000001,6.781910912160374e-41
0.08666,7.253612981168133e-41
0.08668000000000001,5.797299371613595e-41
0.08670000000000001,5.395371944271343e-41
0.08672,7.11345755423683e-41
0.08674000000000001,6.626345944723311e-41
0.08676,6.763584996781118e-41
0.08678000000000001,5.666391235843039e-41
0.0868,6.029491034708987e-41
0.08682000000000001,8.027143258563335e-41
0.08684,6.789300436834635e-41
0.08686,6.703138866064341e-41
0.08688000000000001,5.642982370648389e-41
0.0869,5.67401404791038e-41
0.08692000000000001,5.813292314264773e-41
0.08694,5.348692758217692e-41
0.08696000000000001,5.532729074517542e-41
0.08698,5.256893134213868e-41
0.08700000000000001,5.422388217367215e-41
0.08702000000000001,4.715427170507908e-41
0.08704,3.7162782091780965e-41
0.08706000000000001,5.100918898170883e-41
0.08708,4.756576422499157e-41
0.08710000000000001,5.671394242105596e-41
0.08712,6.117047542755952e-41
0.08714000000000001,4.827164790539261e-41
0.08716,4.4271618719935416e-41
0.08718000000000001,4.052586196848187e-41
0.08720000000000001,3.883788141867017e-41
0.08722,3.397768898540924e-41
0.08724000000000001,2.889673001894744e-41
0.08726,3.304023428146842e-41
0.08728000000000001,3.5279431854284606e-41
0.0873,2.989307761595678e-41
0.08732000000000001,3.694741326270957e-41
0.08734,4.099632310800756e-41
0.08736000000000001,3.624594879133331e-41
0.08738000000000001,4.2244078996402696e-41
0.0874,3.8147789872562133e-41
0.08742000000000001,4.040777113902391e-41
0.08744,3.667645808295044e-41
0.08746000000000001,3.024621297912732e-41
0.08748,3.3624708121780385e-41
0.08750000000000001,3.188252599069184e-41
0.08752,2.8533049415201583e-41
0.08754,3.122753906428503e-41
0.08756000000000001,3.568040956338782e-41
0.08758,3.4745572710809835e-41
0.08760000000000001,2.5209443082923886e-41
0.08762,2.732528143672195e-41
0.08764000000000001,2.3419722542347424e-41
0.08766,2.430017386806591e-41
0.08768000000000001,2.234144459624273e-41
0.08770000000000001,2.1508838335775305e-41
0.08772,1.91100195793295e-41
0.08774000000000001,1.775803584110544e-41
0.08776,1.9418051437020062e-41
0.08778000000000001,2.146385207368709e-41
0.0878,2.2779229984642558e-41
0.08782000000000001,2.2085044266692178e-41
0.08784,1.8830283836734787e-41
0.08786000000000001,1.3082352542147768e-41
0.08788000000000001,1.999595849193215e-41
0.0879,1.8486722932883127e-41
0.08792000000000001,1.8540487261433935e-41
0.08794,1.5015802451553288e-41
0.08796000000000001,1.0874866727143072e-41
0.08798,1.5609710176884325e-41
0.08800000000000001,1.8959913016576747e-41
0.08802,1.5016620213489867e-41
0.08804000000000001,1.2260327041600373e-41
0.08806000000000001,1.3185100783407842e-41
0.08808,1.4256099913347347e-41
0.08810000000000001,1.1147545661320848e-41
0.08812,1.1875002544855495e-41
0.08814000000000001,1.0721195862920917e-41
0.08816,8.765825421019454e-42
0.08818000000000001,1.010365485879758e-41
0.0882,1.1309052182886933e-41
0.08822,1.200919073571103e-41
0.08824000000000001,1.0058202268069511e-41
0.08826,7.0082202545505e-42
0.08828000000000001,9.556251374357464e-42
0.0883,7.747135235242499e-42
0.08832000000000001,6.202048616606626e-42
0.08834,7.090405274086831e-42
0.08836000000000001,8.215536109413416e-42
0.08838000000000001,8.545487831215757e-42
0.0884,7.149986383159695e-42
0.08842000000000001,5.935565678950039e-42
0.08844,4.414964678503456e-42
0.08846000000000001,5.5128606422653685e-42
0.08848,5.502378253053343e-42
0.08850000000000001,6.7977319570232e-42
0.08852,6.983868130369311e-42
0.08854000000000001,6.885059913569916e-42
0.08856000000000001,4.8372810679213216e-42
0.08858,4.3227352440157444e-42
0.08860000000000001,4.7796297674847325e-42
0.08862,4.1197701320489177e-42
0.08864000000000001,3.645590292951664e-42
0.08866,2.5001555072316877e-42
0.08868000000000001,3.276966840023504e-42
0.0887,3.692684165057437e-42
0.08872000000000001,3.3912866325515616e-42
0.08874000000000001,3.0952656512824686e-42
0.08876,2.302495655242012e-42
0.08878000000000001,2.887863785121766e-42
0.0888,2.435603495147532e-42
0.08882000000000001,2.6201970410738714e-42
0.08884,2.588366693708322e-42
0.08886000000000001,2.0503457589353435e-42
0.08888,2.077938686023799e-42
0.0889,1.840363283686213e-42
0.08892000000000001,1.9492558217407175e-42
0.08894,1.6948948762631146e-42
0.08896000000000001,1.2910609179044371e-42
0.08898,1.4046513655722764e-42
0.08900000000000001,1.4190480200988719e-42
0.08902,1.4994464304266738e-42
0.08904000000000001,1.5220730966137173e-42
0.08906000000000001,1.4407769716305688e-42
0.08908,1.141767180353946e-42
0.08910000000000001,1.0937998389932942e-42
0.08912,1.13329743437134e-42
0.08914000000000001,8.846207370615372e-43
0.08916,8.834970583143459e-43
0.08918000000000001,6.326050714314542e-43
0.0892,7.039786000747684e-43
0.08922000000000001,6.905432948551717e-43
0.08924000000000001,4.8859405879535376e-43
0.08926,4.0608472978309955e-43
0.08928000000000001,3.518767603212131e-43
0.0893,4.815708580659542e-43
0.08932000000000001,4.9933912677357605e-43
0.08934,5.84371088602002e-43
0.08936000000000001,5.195247460743358e-43
0.08938,4.280893201761501e-43
0.08940000000000001,4.5863836962264375e-43
0.08942000000000001,5.662821879491513e-43
0.08944,5.655791438802809e-43
0.08946000000000001,4.137584464062141e-43
0.08948,5.068022295900089e-43
0.08950000000000001,5.499054770786236e-43
0.08952,5.531101526070753e-43
0.08954000000000001,4.937876267016308e-43
0.08956,6.864170570838125e-43
0.08958,7.088780667640795e-43
0.08960000000000001,6.2796127306004814e-43
0.08962,7.224191550654163e-43
0.08964000000000001,7.121748388434897e-43
0.08966,8.100883641121815e-43
0.08968000000000001,8.699354266608849e-43
0.0897,1.0023715686320131e-42
0.08972000000000001,1.059090845707696e-42
0.08974000000000001,1.1188268104009095e-42
0.08976,1.0962449232614566e-42
0.08978000000000001,8.92958194240316e-43
0.0898,1.0182663568502039e-42
0.08982000000000001,1.3454511032207393e-42
0.08984,1.3360918298403763e-42
0.08986000000000001,1.6818249945668196e-42
0.08988,1.7796674331148853e-42
0.08990000000000001,1.5784389978068106e-42
0.08992000000000001,2.327012416342411e-42
0.08994,2.3534703261647503e-42
0.08996000000000001,2.2356409351780064e-42
0.08998,1.8860947745896385e-42
0.09000000000000001,2.287576297023999e-42
0.09002,2.1908331035073506e-42
0.09004000000000001,2.1659603068384242e-42
0.09006,2.860531222137004e-42
0.09008000000000001,2.4858893106575117e-42
0.09010000000000001,3.2702598258935845e-42
0.09012,2.5248531965898545e-42
0.09014000000000001,2.315868516705147e-42
0.09016,2.4893414171803783e-42
0.09018000000000001,3.215192835725752e-42
0.0902,3.6661153411151874e-42
0.09022000000000001,3.3142439983171657e-42
0.09024,2.870251482392264e-42
0.09026,4.503340310007303e-42
0.09028000000000001,4.7513861415990274e-42
0.0903,5.1478715231024557e-42
0.09032000000000001,3.907977075453508e-42
0.09034,3.370797423325888e-42
0.09036000000000001,3.599061710641768e-42
0.09038,5.064401594862398e-42
0.09040000000000001,6.005059946895602e-42
0.09042000000000001,4.31835649276561e-42
0.09044,5.3382239133392264e-42
0.09046000000000001,5.726317464776448e-42
0.09048,4.867140242294777e-42
0.09050000000000001,4.726613133713527e-42
0.09052,5.764677311808623e-42
0.09054000000000001,6.197755418270359e-42
0.09056,8.345218188462579e-42
0.09058000000000001,7.41157523860376e-42
0.09060000000000001,4.785374003647216e-42
0.09062,5.634192473895802e-42
0.09064000000000001,5.264179216045773e-42
0.09066,6.154312660037754e-42
0.09068000000000001,6.871971813722581e-42
0.0907,6.369450310202917e-42
0.09072000000000001,8.637464874087975e-42
0.09074,7.157531178852225e-42
0.09076000000000001,8.06361268617973e-42
0.09078000000000001,8.895158292362654e-42
0.0908,8.766546201680904e-42
0.09082000000000001,7.99017886809564e-42
0.09084,7.147372423802672e-42
0.09086000000000001,9.275575562804722e-42
0.09088,1.0823090413185028e-41
0.09090000000000001,8.571169222014168e-42
0.09092,1.0651321581963547e-41
0.09094000000000001,1.5337215455474107e-41
0.09096000000000001,1.422888766892066e-41
0.09098,1.3893403827344854e-41
0.09100000000000001,1.1396897409898302e-41
0.09102,1.0089579929339203e-41
0.09104000000000001,1.3875082244457586e-41
0.09106,1.226853237126058e-41
0.09108000000000001,1.0327305237756373e-41
0.09110000000000001,1.2249124236426147e-41
0.09112,1.2485162305845623e-41
0.09114000000000001,1.0406141854952628e-41
0.09116,6.951460241326318e-42
0.09118000000000001,9.605690797419293e-42
0.0912,1.1485385763770341e-41
0.09122000000000001,1.3764857503092176e-41
0.09124,1.5031922413973567e-41
0.09126000000000001,1.3376196965250755e-41
0.09128000000000001,1.5934352613998105e-41
0.0913,1.7360230718730436e-41
0.09132000000000001,1.6007977389840476e-41
0.09134,1.7603919871171664e-41
0.09136000000000001,1.8179411334306506e-41
0.09138,1.2330690335344653e-41
0.09140000000000001,1.329819306663697e-41
0.09142,1.24155396956651e-41
0.09144000000000001,1.3054666169481696e-41
0.09146000000000001,1.5628858011484613e-41
0.09148,1.863770978027788e-41
0.09150000000000001,2.287692132751309e-41
0.09152,1.9184519754877248e-41
0.09154000000000001,1.6220346329345306e-41
0.09156,1.4542634353485796e-41
0.09158000000000001,1.4656485218936234e-41
0.0916,1.9761430222439661e-41
0.09162000000000001,2.2834378233961154e-41
0.09164000000000001,2.1540978489134428e-41
0.09166,1.7359966704742724e-41
0.09168000000000001,1.8451923016955078e-41
0.0917,2.0102394538696026e-41
0.09172000000000001,1.5948209692999532e-41
0.09174,1.7636640033086418e-41
0.09176000000000001,2.1107759217639417e-41
0.09178000000000001,2.144013760354324e-41
0.0918,2.734915821078321e-41
0.09182000000000001,2.1895504641237598e-41
0.09184,1.557830656002976e-41
0.09186000000000001,1.8069621251159523e-41
0.09188,2.057450239031921e-41
0.09190000000000001,2.469009968997563e-41
0.09192,2.077008654265342e-41
0.09194000000000001,1.7756266923688427e-41
0.09196000000000001,2.070881227421823e-41
0.09198,2.1591229768603787e-41
0.09200000000000001,2.183904222496882e-41
0.09202,2.127944554883777e-41
0.09204000000000001,1.632723110187514e-41
0.09206,1.6662865340899083e-41
0.09208000000000001,1.883307230653859e-41
0.0921,2.0940195414141367e-41
0.09212000000000001,2.1244938828692892e-41
0.09214000000000001,2.0232948573611076e-41
0.09216,2.0462830701805372e-41
0.09218000000000001,2.0668504613124552e-41
0.0922,2.075600697541513e-41
0.09222000000000001,2.0034145446647997e-41
0.09224,2.0959569112903293e-41
0.09226000000000001,2.4504385781397376e-41
0.09228,2.4311258886094934e-41
0.09230000000000001,2.6617687088512436e-41
0.09232000000000001,2.764013712313522e-41
0.09234,3.1813555327056305e-41
0.09236000000000001,2.500411437641699e-41
0.09238,2.8066275505871496e-41
0.09240000000000001,2.4728126903796494e-41
0.09242,2.124540062955709e-41
0.09244000000000001,2.897360485181279e-41
0.09246000000000001,2.6543680469741233e-41
0.09248,3.0868549550634047e-41
0.09250000000000001,2.3526188570656525e-41
0.09252,2.5854023610137126e-41
0.09254000000000001,3.490827687677622e-41
0.09256,2.7936074359335577e-41
0.09258000000000001,3.036357877147691e-41
0.0926,3.0224628992160157e-41
0.09262000000000001,2.446706758000665e-41
0.09264000000000001,2.8322045554895805e-41
0.09266,3.0882323415217133e-41
0.09268000000000001,3.3676050022826944e-41
0.0927,2.563283132002757e-41
0.09272000000000001,2.2713748522188835e-41
0.09274,2.9672423301361356e-41
0.09276000000000001,2.3744700641072003e-41
0.09278,2.981448502835483e-41
0.09280000000000001,2.8712836617653554e-41
0.09282000000000001,3.3787944791214753e-41
0.09284,2.6449543139191694e-41
0.09286000000000001,2.3922169987877984e-41
0.09288,2.2362334738345623e-41
0.09290000000000001,2.7294330114849003e-41
0.09292,3.1425243942076515e-41
0.09294000000000001,2.6787022539899367e-41
0.09296,3.07063150260396e-41
0.09298000000000001,4.0349011091607656e-41
0.09300000000000001,2.944818672038171e-41
0.09302,2.7787472186242926e-41
0.09304000000000001,3.2521834973429165e-41
0.09306,3.024186810238742e-41
0.09308000000000001,2.8601056469411533e-41
0.0931,3.3968261041820896e-41
0.09312000000000001,3.9105684811209357e-41
0.09314000000000001,2.5717376913045494e-41
0.09316,3.696573545381535e-41
0.09318000000000001,3.48655552354704e-41
0.0932,3.5372964119601384e-41
0.09322000000000001,3.224567624926365e-41
0.09324,3.18775041998851e-41
0.09326000000000001,3.693014689030752e-41
0.09328,2.2837839979434263e-41
0.09330000000000001,2.950606544012545e-41
0.09332000000000001,3.4656387090106295e-41
0.09334,2.993008314583459e-41
0.09336000000000001,3.4891619403902485e-41
0.09338,2.82198596183397e-41
0.09340000000000001,2.2823871645403903e-41
0.09342,3.183422851216495e-41
0.09344000000000001,3.117631879917602e-41
0.09346,2.3777165855777976e-41
0.09348000000000001,2.5134474665468405e-41
0.09350000000000001,3.722983110002489e-41
0.09352,4.660589321499112e-41
0.09354000000000001,4.5484865028839144e-41
0.09356,4.019441426692972e-41
0.09358000000000001,3.0446186876393384e-41
0.0936,2.414397613936079e-41
0.09362000000000001,3.6714432722672143e-41
0.09364,5.660963675246465e-41
0.09366000000000001,3.940474621225597e-41
0.09368000000000001,2.7903699846558223e-41
0.0937,3.096809737847298e-41
0.09372000000000001,2.8167168421557804e-41
0.09374,2.928172792676998e-41
0.09376000000000001,3.078029291378697e-41
0.09378,3.2850026637681196e-41
0.09380000000000001,4.308248806780711e-41
0.09382000000000001,4.4734582769335883e-41
0.09384,3.716989499388472e-41
0.09386000000000001,2.898854875515117e-41
0.09388,3.497655188005944e-41
0.09390000000000001,3.55680632466503e-41
0.09392,3.726387171492979e-41
0.09394000000000001,3.181595785923294e-41
0.09396,3.5576992942129493e-41
0.09398000000000001,3.6534862243620106e-41
0.09400000000000001,3.6016537665716766e-41
0.09402,3.8158279632412976e-41
0.09404000000000001,4.711354391768482e-41
0.09406,3.509216438880943e-41
0.09408000000000001,3.0250861128231565e-41
0.0941,3.3430742384232764e-41
0.09412000000000001,3.492104960695293e-41
0.09414,4.3583381795754037e-41
0.09416000000000001,3.347380204770392e-41
0.09418000000000001,4.705232560966068e-41
0.0942,2.8061596736318124e-41
0.09422000000000001,3.701439365225556e-41
0.09424,5.483769713870747e-41
0.09426000000000001,4.689750698899935e-41
0.09428,4.031507241498635e-41
0.09430000000000001,3.8345699775872214e-41
0.09432,4.0210512269290194e-41
0.09434000000000001,4.1183160596533856e-41
0.09436000000000001,4.075114240528896e-41
0.09438,3.7921884114250197e-41
0.09440000000000001,2.913630860180939e-41
0.09442,2.4937275549515917e-41
0.09444000000000001,2.7772196707715315e-41
0.09446,3.2237435601720053e-41
0.09448000000000001,3.0058878124803456e-41
0.09450000000000001,3.3024689399485616e-41
0.09452,3.0040917189467613e-41
0.09454000000000001,3.741731745093959e-41
0.09456,4.747312428090297e-41
0.09458000000000001,3.2324831648044755e-41
0.0946,2.986480718519778e-41
0.09462000000000001,2.9423322706416827e-41
0.09464,3.0585876180540206e-41
0.09466000000000001,3.5474544633859155e-41
0.09468000000000001,2.79687182305277e-41
0.0947,2.933273759709506e-41
0.09472000000000001,2.915670551182086e-41
0.09474,3.0376344053656253e-41
0.09476000000000001,3.114922735208284e-41
0.09478,3.6697407654631743e-41
0.09480000000000001,3.98530571569784e-41
0.09482,2.9128628270646005e-41
0.09484000000000001,2.871801897710264e-41
0.09486000000000001,2.571671649669016e-41
0.09488,2.6446164269823757e-41
0.09490000000000001,4.2857727631202877e-41
0.09492,4.01608218600736e-41
0.09494000000000001,2.6541264688657743e-41
0.09496,3.1465645678847547e-41
0.09498000000000001,3.483956394986174e-41
0.095,4.156139554378084e-41
0.09502000000000001,3.967499575283713e-41
0.09504000000000001,3.359796259677978e-41
0.09506,2.7849830236854353e-41
0.09508000000000001,3.023412042376303e-41
0.0951,2.543833489603779e-41
0.09512000000000001,2.663056837730438e-41
0.09514,3.218996460874905e-41
0.09516000000000001,3.5606537538164187e-41
0.09518000000000001,2.9442487503171104e-41
0.0952,3.0769749320254973e-41
0.09522000000000001,2.7606802039424914e-41
0.09524,3.1491613772793557e-41
0.09526000000000001,3.0331777754575154e-41
0.09528,2.6833949275429315e-41
0.09530000000000001,2.621984939507148e-41
0.09532,3.5695615167772417e-41
0.09534000000000001,2.627276607965169e-41
0.09536000000000001,2.972944166937612e-41
0.09538,3.799503766447002e-41
0.09540000000000001,4.3011372010127816e-41
0.09542,3.8251449229822226e-41
0.09544000000000001,3.401645725447248e-41
0.09546,3.984469967094038e-41
0.09548000000000001,3.3476626640091193e-41
0.0955,4.1674382588035174e-41
0.09552000000000001,4.0600165577458015e-41
0.09554000000000001,3.6052149823937835e-41
0.09556,3.634918779700414e-41
0.09558000000000001,2.379260739697531e-41
0.0956,2.0571568720744477e-41
0.09562000000000001,3.233027507392283e-41
0.09564,3.0448479084193545e-41
0.09566000000000001,3.777939265008559e-41
0.09568,3.584304954817518e-41
0.09570000000000001,3.3773727836042146e-41
0.09572000000000001,3.060494180370705e-41
0.09574,2.8249713524752206e-41
0.09576000000000001,3.280015915418111e-41
0.09578,2.7629669776615765e-41
0.09580000000000001,3.074062160952231e-41
0.09582,2.423717202779166e-41
0.09584000000000001,2.2453526475427644e-41
0.09586000000000001,3.022579147491479e-41
0.09588,2.5834613623910404e-41
0.09590000000000001,2.0540257155362822e-41
0.09592,2.95616547302368e-41
0.09594000000000001,2.8036592844828965e-41
0.09596,2.9655834073637877e-41
0.09598000000000001,3.227731634477725e-41
0.096,2.76587658013139e-41
0.09602000000000001,3.0237797726646345e-41
0.09604000000000001,3.0211570030269395e-41
0.09606,2.8546969186533523e-41
0.09608000000000001,3.064940076766167e-41
0.0961,3.3466417208476237e-41
0.09612000000000001,2.914198646486629e-41
0.09614,2.526421362639838e-41
0.09616000000000001,2.2774440532038595e-41
0.09618,2.0433074979774511e-41
0.09620000000000001,2.0580547282816036e-41
0.09622000000000001,2.4465353291106114e-41
0.09624,2.7273630182590157e-41
0.09626000000000001,2.5193891177352204e-41
0.09628,3.066782793343826e-41
0.09630000000000001,3.083071927062032e-41
0.09632,3.274834324040259e-41
0.09634000000000001,3.2121358716085805e-41
0.09636,3.013592123265025e-41
0.09638000000000001,3.372825766775272e-41
0.09640000000000001,2.9495563813443083e-41
0.09642,2.3659066765782053e-41
0.09644000000000001,2.4462237243832655e-41
0.09646,2.7473857160858354e-41
0.09648000000000001,2.968831391479782e-41
0.0965,2.537090082778579e-41
0.09652000000000001,2.482408102077711e-41
0.09654000000000001,1.9109120697084302e-41
0.09656,2.3462751947310656e-41
0.09658000000000001,2.8622780129193354e-41
0.0966,2.7212241845416386e-41
0.09662000000000001,2.604926419218082e-41
0.09664,1.849945097107365e-41
0.09666000000000001,1.9337577920676968e-41
0.09668,2.670564478991764e-41
0.09670000000000001,2.7114507396714455e-41
0.09672000000000001,2.602307807197067e-41
0.09674,1.9182838784253379e-41
0.09676000000000001,2.2331498451264377e-41
0.09678,2.423380518310868e-41
0.09680000000000001,2.673547191361644e-41
0.09682,2.330915249846243e-41
0.09684000000000001,1.9715620757250055e-41
0.09686,1.9689866591126865e-41
0.09688000000000001,2.5632351234252265e-41
0.09690000000000001,2.7341686319276726e-41
0.09692,2.2087637419232762e-41
0.09694000000000001,1.9581547756260248e-41
0.09696,1.700468356620585e-41
0.09698000000000001,2.197678697393066e-41
0.097,2.3525131265093753e-41
0.09702000000000001,2.3732325654085936e-41
0.09704,2.2259528626702354e-41
0.09706000000000001,2.6576954568207003e-41
0.09708000000000001,2.855003187712844e-41
0.0971,2.0231978717426176e-41
0.09712000000000001,1.830397282927743e-41
0.09714,1.5937297636016005e-41
0.09716000000000001,1.6222073636019694e-41
0.09718,1.439867024509995e-41
0.09720000000000001,1.1913888671836415e-41
0.09722000000000001,1.5681392872107473e-41
0.09724000000000001,1.5724794498299393e-41
0.09726000000000001,1.7172701030434505e-41
0.09728,1.9788070070796312e-41
0.09730000000000001,2.682943274710151e-41
0.09732,2.5917831099950873e-41
0.09734000000000001,2.0381338122987337e-41
0.09736,1.9445325562632618e-41
0.09738000000000001,2.0729066652637903e-41
0.09740000000000001,1.708001491819622e-41
0.09742,1.886902889911493e-41
0.09744000000000001,1.5994144274128038e-41
0.09746,1.4172322712086933e-41
0.09748000000000001,1.5888189203767497e-41
0.0975,1.5163515439839989e-41
0.09752000000000001,1.1830226730818105e-41
0.09754,1.1279837884261983e-41
0.09756000000000001,1.470401076865374e-41
0.09758000000000001,1.5036949363349346e-41
0.0976,1.8527171585086963e-41
0.09762000000000001,1.3183637330242181e-41
0.09764,1.2783973985664602e-41
0.09766000000000001,1.0760634775439514e-41
0.09768,1.1597801425287824e-41
0.09770000000000001,1.3583452047598956e-41
0.09772,1.511171949502346e-41
0.09774000000000001,1.5203156794971477e-41
0.09776000000000001,1.463545628211644e-41
0.09778,1.2818849978908047e-41
0.09780000000000001,1.5843545121945686e-41
0.09782,1.4681904873762974e-41
0.09784000000000001,1.3839367381758402e-41
0.09786,1.1080754274343759e-41
0.09788000000000001,1.0397301396244398e-41
0.09790000000000001,9.192147956135856e-42
0.09792000000000001,9.612155174555784e-42
0.09794000000000001,1.1982092466599168e-41
0.09796,1.3225401221567365e-41
0.09798000000000001,1.1249382893108377e-41
0.098,9.771349128170578e-42
0.09802000000000001,1.055395569623824e-41
0.09804,1.0700292456500693e-41
0.09806000000000001,8.426757440936246e-42
0.09808000000000001,7.720004545203631e-42
0.0981,1.0999896388693962e-41
0.09812000000000001,1.2332475392668716e-41
0.09814,1.1426720189756126e-41
0.09816000000000001,9.88999184441301e-42
0.09818,9.403106340165455e-42
0.09820000000000001,1.05306612441397e-41
0.09822,8.339780702555774e-42
0.09824000000000001,8.655903814553878e-42
0.09826000000000001,8.52511785163581e-42
0.09828,8.268124789186875e-42
0.09830000000000001,7.73695512197368e-42
0.09832,5.628600350886158e-42
0.09834000000000001,4.574378505050861e-42
0.09836,7.321011034395545e-42
0.09838000000000001,8.378884576861348e-42
0.0984,8.745899015882956e-42
0.09842000000000001,8.823603003056971e-42
0.09844000000000001,5.768607200531753e-42
0.09846,5.4651089632008234e-42
0.09848000000000001,6.143607428901011e-42
0.0985,5.84639528596211e-42
0.09852000000000001,6.754914528720216e-42
0.09854,4.966360670161506e-42
0.09856000000000001,4.9663833026885264e-42
0.09858000000000001,4.462125831895753e-42
0.09860000000000001,3.656849978291062e-42
0.09862000000000001,4.512958854550166e-42
0.09864,5.242820498300253e-42
0.09866000000000001,5.141354773254187e-42
0.09868,5.405919573088785e-42
0.09870000000000001,6.083310474662462e-42
0.09872,5.365587991913532e-42
0.09874000000000001,4.5547942316762787e-42
0.09876000000000001,4.0482011757126066e-42
0.09878,4.271329801135227e-42
0.09880000000000001,4.752449513991621e-42
0.09882,4.495443310826065e-42
0.09884000000000001,3.8532574276931523e-42
0.09886,3.4644443585914126e-42
0.09888000000000001,4.378911089331756e-42
0.0989,3.301666347831247e-42
0.09892000000000001,3.6338351538885667e-42
0.09894000000000001,3.562973087126355e-42
0.09896,2.8495134342079278e-42
0.09898000000000001,2.930736610759587e-42
0.099,2.771412114156046e-42
0.09902000000000001,2.846897146491527e-42
0.09904,2.949558089533948e-42
0.09906000000000001,2.5510807919228813e-42
0.09908,2.6208820599407136e-42
0.09910000000000001,2.583265256110874e-42
0.09912000000000001,2.0381648752633302e-42
0.09914,1.9448995136078445e-42
0.09916000000000001,2.2477689482148552e-42
0.09918,2.470514261488182e-42
0.09920000000000001,2.158113737357314e-42
0.09922,1.5616212566986887e-42
0.09924000000000001,1.4496010126853343e-42
0.09926000000000001,1.5222869206217348e-42
0.09928000000000001,1.488426112305329e-42
0.09930000000000001,1.2184913636621978e-42
0.09932,1.2764393817647696e-42
0.09934000000000001,1.4572232775350537e-42
0.09936,1.0131900928636505e-42
0.09938000000000001,1.1506233090686597e-42
0.0994,9.255029726999172e-43
0.09942000000000001,9.50962269525291e-43
0.09944000000000001,1.0040614190265442e-42
0.09946,9.404602366031762e-43
0.09948000000000001,7.74755536358038e-43
0.0995,8.327828247331081e-43
0.09952000000000001,7.50017147078074e-43
0.09954,5.7343040767472665e-43
0.09956000000000001,6.033237861568876e-43
0.09958,6.1045923257248174e-43
0.09960000000000001,5.510223401734258e-43
0.09962000000000001,3.878427562628925e-43
0.09964,4.034062429872202e-43
0.09966000000000001,3.2262410782009374e-43
0.09968,2.6205259516084003e-43
0.09970000000000001,2.4705784151660033e-43
0.09972,2.550587573326288e-43
0.09974000000000001,2.587265238732238e-43
0.09976,1.814113199366685e-43
0.09978000000000001,1.427756972281852e-43
0.09980000000000001,1.4292089612481418e-43
0.09982,1.1598046566229298e-43
0.09984000000000001,8.500014955136569e-44
0.09986,6.975387806284874e-44
0.09988000000000001,3.9063131037625167e-44
0.0999,3.295016846514018e-44
0.09992000000000001,3.483537924158704e-44
0.09994000000000001,2.3170359734577475e-44
0.09996000000000001,1.6811894904925807e-44
0.09998000000000001,1.7182565953572213e-44
0.1,8.9034758107213e-45
